state,year,month,deaths
AK,2015,January,4034.0
AK,2015,February,4084.0
AK,2015,March,4101.0
AK,2015,April,4133.0
AK,2015,May,4196.0
AK,2015,June,4201.0
AK,2015,July,4220.0
AK,2015,August,4222.0
AK,2015,September,4242.0
AK,2015,October,4241.0
AK,2015,November,4219.0
AK,2015,December,4193.0
AK,2016,January,4213.0
AK,2016,February,4198.0
AK,2016,March,4230.0
AK,2016,April,4262.0
AK,2016,May,4241.0
AK,2016,June,4261.0
AK,2016,July,4269.0
AK,2016,August,4276.0
AK,2016,September,4256.0
AK,2016,October,4291.0
AK,2016,November,4289.0
AK,2016,December,4355.0
AK,2017,January,4374.0
AK,2017,February,4347.0
AK,2017,March,4360.0
AK,2017,April,4326.0
AK,2017,May,4278.0
AK,2017,June,4277.0
AK,2017,July,4238.0
AK,2017,August,4236.0
AK,2017,September,4300.0
AK,2017,October,4283.0
AK,2017,November,4310.0
AL,2015,January,49543.0
AL,2015,February,50004.0
AL,2015,March,50486.0
AL,2015,April,50565.0
AL,2015,May,50516.0
AL,2015,June,50658.0
AL,2015,July,50841.0
AL,2015,August,50930.0
AL,2015,September,51044.0
AL,2015,October,51091.0
AL,2015,November,51093.0
AL,2015,December,50870.0
AL,2016,January,50534.0
AL,2016,February,50555.0
AL,2016,March,50348.0
AL,2016,April,50391.0
AL,2016,May,50511.0
AL,2016,June,50613.0
AL,2016,July,50683.0
AL,2016,August,50756.0
AL,2016,September,50810.0
AL,2016,October,50869.0
AL,2016,November,51110.0
AL,2016,December,51431.0
AL,2017,January,51656.0
AL,2017,February,51546.0
AL,2017,March,51674.0
AL,2017,April,51801.0
AL,2017,May,51951.0
AL,2017,June,52013.0
AL,2017,July,52050.0
AL,2017,August,52092.0
AL,2017,September,52250.0
AL,2017,October,52288.0
AL,2017,November,52281.0
AL,2015,January,715.0
AL,2015,February,723.0
AL,2015,March,733.0
AL,2015,April,738.0
AL,2015,May,755.0
AL,2015,June,756.0
AL,2015,July,743.0
AL,2015,August,736.0
AL,2015,September,744.0
AL,2015,October,730.0
AL,2015,November,725.0
AL,2015,December,720.0
AL,2016,January,706.0
AL,2016,February,710.0
AL,2016,March,681.0
AL,2016,April,676.0
AL,2016,May,654.0
AL,2016,June,674.0
AL,2016,July,681.0
AL,2016,August,685.0
AL,2016,September,695.0
AL,2016,October,704.0
AL,2016,November,718.0
AL,2016,December,740.0
AL,2017,January,763.0
AL,2017,February,759.0
AL,2017,March,793.0
AL,2017,April,793.0
AL,2017,May,810.0
AL,2017,June,802.0
AL,2017,July,808.0
AL,2017,August,807.0
AL,2017,September,798.0
AL,2017,October,800.0
AL,2017,November,798.0
AR,2015,January,30122.0
AR,2015,February,30332.0
AR,2015,March,30387.0
AR,2015,April,30444.0
AR,2015,May,30602.0
AR,2015,June,30722.0
AR,2015,July,30685.0
AR,2015,August,30884.0
AR,2015,September,30931.0
AR,2015,October,31015.0
AR,2015,November,31007.0
AR,2015,December,30986.0
AR,2016,January,30624.0
AR,2016,February,30413.0
AR,2016,March,30421.0
AR,2016,April,30489.0
AR,2016,May,30361.0
AR,2016,June,30434.0
AR,2016,July,30590.0
AR,2016,August,30488.0
AR,2016,September,30540.0
AR,2016,October,30489.0
AR,2016,November,30697.0
AR,2016,December,31028.0
AR,2017,January,31116.0
AR,2017,February,31159.0
AR,2017,March,31312.0
AR,2017,April,31386.0
AR,2017,May,31500.0
AR,2017,June,31557.0
AR,2017,July,31552.0
AR,2017,August,31599.0
AR,2017,September,31721.0
AR,2017,October,31726.0
AR,2017,November,31657.0
AZ,2015,January,52342.0
AZ,2015,February,52371.0
AZ,2015,March,52826.0
AZ,2015,April,53025.0
AZ,2015,May,53225.0
AZ,2015,June,53462.0
AZ,2015,July,53685.0
AZ,2015,August,53907.0
AZ,2015,September,54058.0
AZ,2015,October,54122.0
AZ,2015,November,54421.0
AZ,2015,December,54853.0
AZ,2016,January,54917.0
AZ,2016,February,55755.0
AZ,2016,March,56319.0
AZ,2016,April,56436.0
AZ,2016,May,56522.0
AZ,2016,June,56648.0
AZ,2016,July,56865.0
AZ,2016,August,56960.0
AZ,2016,September,57051.0
AZ,2016,October,57277.0
AZ,2016,November,57252.0
AZ,2016,December,57215.0
AZ,2017,January,57224.0
AZ,2017,February,56612.0
AZ,2017,March,56273.0
AZ,2017,April,56458.0
AZ,2017,May,56726.0
AZ,2017,June,57018.0
AZ,2017,July,57220.0
AZ,2017,August,57316.0
AZ,2017,September,57539.0
AZ,2017,October,57705.0
AZ,2017,November,57863.0
AZ,2015,January,1193.0
AZ,2015,February,1175.0
AZ,2015,March,1174.0
AZ,2015,April,1173.0
AZ,2015,May,1184.0
AZ,2015,June,1209.0
AZ,2015,July,1201.0
AZ,2015,August,1240.0
AZ,2015,September,1241.0
AZ,2015,October,1264.0
AZ,2015,November,1269.0
AZ,2015,December,1267.0
AZ,2016,January,1298.0
AZ,2016,February,1307.0
AZ,2016,March,1313.0
AZ,2016,April,1335.0
AZ,2016,May,1350.0
AZ,2016,June,1370.0
AZ,2016,July,1421.0
AZ,2016,August,1410.0
AZ,2016,September,1404.0
AZ,2016,October,1405.0
AZ,2016,November,1397.0
AZ,2016,December,1393.0
AZ,2017,January,1417.0
AZ,2017,February,1411.0
AZ,2017,March,1429.0
AZ,2017,April,1416.0
AZ,2017,May,1434.0
AZ,2017,June,1452.0
AZ,2017,July,1447.0
AZ,2017,August,1465.0
AZ,2017,September,1487.0
AZ,2017,October,1497.0
AZ,2017,November,1510.0
CA,2015,January,248191.0
CA,2015,February,249920.0
CA,2015,March,251540.0
CA,2015,April,252831.0
CA,2015,May,253858.0
CA,2015,June,254838.0
CA,2015,July,255417.0
CA,2015,August,256464.0
CA,2015,September,257163.0
CA,2015,October,257750.0
CA,2015,November,258808.0
CA,2015,December,260172.0
CA,2016,January,259303.0
CA,2016,February,260508.0
CA,2016,March,261416.0
CA,2016,April,261595.0
CA,2016,May,261557.0
CA,2016,June,261467.0
CA,2016,July,261603.0
CA,2016,August,261781.0
CA,2016,September,262041.0
CA,2016,October,262751.0
CA,2016,November,262360.0
CA,2016,December,263199.0
CA,2017,January,265344.0
CA,2017,February,264895.0
CA,2017,March,264775.0
CA,2017,April,265300.0
CA,2017,May,265970.0
CA,2017,June,266923.0
CA,2017,July,267399.0
CA,2017,August,267375.0
CA,2017,September,268120.0
CA,2017,October,268401.0
CA,2017,November,268415.0
CA,2015,January,4603.0
CA,2015,February,4616.0
CA,2015,March,4608.0
CA,2015,April,4625.0
CA,2015,May,4607.0
CA,2015,June,4604.0
CA,2015,July,4628.0
CA,2015,August,4670.0
CA,2015,September,4747.0
CA,2015,October,4784.0
CA,2015,November,4747.0
CA,2015,December,4762.0
CA,2016,January,4745.0
CA,2016,February,4745.0
CA,2016,March,4768.0
CA,2016,April,4795.0
CA,2016,May,4811.0
CA,2016,June,4844.0
CA,2016,July,4816.0
CA,2016,August,4791.0
CA,2016,September,4716.0
CA,2016,October,4659.0
CA,2016,November,4709.0
CA,2016,December,4755.0
CA,2017,January,4769.0
CA,2017,February,4720.0
CA,2017,March,4714.0
CA,2017,April,4701.0
CA,2017,May,4733.0
CA,2017,June,4767.0
CA,2017,July,4819.0
CA,2017,August,4843.0
CA,2017,September,4899.0
CA,2017,October,4996.0
CA,2017,November,4965.0
CO,2015,January,36264.0
CO,2015,February,36330.0
CO,2015,March,36300.0
CO,2015,April,36601.0
CO,2015,May,36667.0
CO,2015,June,36816.0
CO,2015,July,36960.0
CO,2015,August,37125.0
CO,2015,September,37101.0
CO,2015,October,37144.0
CO,2015,November,37144.0
CO,2015,December,36993.0
CO,2016,January,36752.0
CO,2016,February,36987.0
CO,2016,March,37387.0
CO,2016,April,37351.0
CO,2016,May,37535.0
CO,2016,June,37504.0
CO,2016,July,37620.0
CO,2016,August,37650.0
CO,2016,September,37834.0
CO,2016,October,38048.0
CO,2016,November,38075.0
CO,2016,December,38151.0
CO,2017,January,38236.0
CO,2017,February,38358.0
CO,2017,March,38365.0
CO,2017,April,38522.0
CO,2017,May,38411.0
CO,2017,June,38473.0
CO,2017,July,38371.0
CO,2017,August,38385.0
CO,2017,September,38547.0
CO,2017,October,38595.0
CO,2017,November,38708.0
CO,2015,January,923.0
CO,2015,February,932.0
CO,2015,March,939.0
CO,2015,April,950.0
CO,2015,May,927.0
CO,2015,June,921.0
CO,2015,July,918.0
CO,2015,August,928.0
CO,2015,September,917.0
CO,2015,October,915.0
CO,2015,November,908.0
CO,2015,December,913.0
CO,2016,January,913.0
CO,2016,February,912.0
CO,2016,March,908.0
CO,2016,April,894.0
CO,2016,May,915.0
CO,2016,June,935.0
CO,2016,July,928.0
CO,2016,August,934.0
CO,2016,September,933.0
CO,2016,October,948.0
CO,2016,November,952.0
CO,2016,December,965.0
CO,2017,January,976.0
CO,2017,February,966.0
CO,2017,March,963.0
CO,2017,April,988.0
CO,2017,May,982.0
CO,2017,June,996.0
CO,2017,July,1012.0
CO,2017,August,1018.0
CO,2017,September,1023.0
CO,2017,October,1026.0
CO,2017,November,1045.0
CT,2015,January,30221.0
CT,2015,February,30349.0
CT,2015,March,30497.0
CT,2015,April,30431.0
CT,2015,May,30437.0
CT,2015,June,30508.0
CT,2015,July,30612.0
CT,2015,August,30549.0
CT,2015,September,30556.0
CT,2015,October,30615.0
CT,2015,November,30751.0
CT,2015,December,30600.0
CT,2016,January,30368.0
CT,2016,February,30231.0
CT,2016,March,30162.0
CT,2016,April,30198.0
CT,2016,May,30198.0
CT,2016,June,30188.0
CT,2016,July,30094.0
CT,2016,August,30156.0
CT,2016,September,30088.0
CT,2016,October,30155.0
CT,2016,November,30294.0
CT,2016,December,30641.0
CT,2017,January,30836.0
CT,2017,February,31027.0
CT,2017,March,31065.0
CT,2017,April,31109.0
CT,2017,May,31125.0
CT,2017,June,31263.0
CT,2017,July,31360.0
CT,2017,August,31389.0
CT,2017,September,31560.0
CT,2017,October,31528.0
CT,2017,November,31441.0
CT,2015,January,631.0
CT,2015,February,633.0
CT,2015,March,639.0
CT,2015,April,650.0
CT,2015,May,652.0
CT,2015,June,670.0
CT,2015,July,722.0
CT,2015,August,728.0
CT,2015,September,748.0
CT,2015,October,779.0
CT,2015,November,800.0
CT,2015,December,799.0
CT,2016,January,824.0
CT,2016,February,836.0
CT,2016,March,849.0
CT,2016,April,869.0
CT,2016,May,895.0
CT,2016,June,909.0
CT,2016,July,906.0
CT,2016,August,928.0
CT,2016,September,929.0
CT,2016,October,918.0
CT,2016,November,939.0
CT,2016,December,974.0
CT,2017,January,985.0
CT,2017,February,994.0
CT,2017,March,1018.0
CT,2017,April,1017.0
CT,2017,May,1045.0
CT,2017,June,1055.0
CT,2017,July,1071.0
CT,2017,August,1077.0
CT,2017,September,1078.0
CT,2017,October,1086.0
CT,2017,November,1056.0
CT,2015,January,532.0
CT,2015,February,530.0
CT,2015,March,536.0
CT,2015,April,550.0
CT,2015,May,553.0
CT,2015,June,567.0
CT,2015,July,616.0
CT,2015,August,618.0
CT,2015,September,633.0
CT,2015,October,660.0
CT,2015,November,683.0
CT,2015,December,686.0
CT,2016,January,711.0
CT,2016,February,731.0
CT,2016,March,741.0
CT,2016,April,766.0
CT,2016,May,795.0
CT,2016,June,810.0
CT,2016,July,800.0
CT,2016,August,825.0
CT,2016,September,832.0
CT,2016,October,814.0
CT,2016,November,834.0
CT,2016,December,869.0
CT,2017,January,874.0
CT,2017,February,878.0
CT,2017,March,904.0
CT,2017,April,902.0
CT,2017,May,925.0
CT,2017,June,939.0
CT,2017,July,962.0
CT,2017,August,964.0
CT,2017,September,962.0
CT,2017,October,973.0
CT,2017,November,951.0
CT,2016,December,508.0
CT,2017,January,527.0
CT,2017,February,545.0
CT,2017,March,575.0
CT,2017,April,580.0
CT,2017,May,600.0
CT,2017,June,608.0
CT,2017,July,637.0
CT,2017,August,643.0
CT,2017,September,648.0
CT,2017,October,669.0
CT,2017,November,670.0
DC,2015,January,5589.0
DC,2015,February,5632.0
DC,2015,March,5704.0
DC,2015,April,5740.0
DC,2015,May,5706.0
DC,2015,June,5678.0
DC,2015,July,5668.0
DC,2015,August,5703.0
DC,2015,September,5683.0
DC,2015,October,5719.0
DC,2015,November,5754.0
DC,2015,December,5706.0
DC,2016,January,5616.0
DC,2016,February,5610.0
DC,2016,March,5620.0
DC,2016,April,5662.0
DC,2016,May,5719.0
DC,2016,June,5731.0
DC,2016,July,5770.0
DC,2016,August,5789.0
DC,2016,September,5869.0
DC,2016,October,5876.0
DC,2016,November,5933.0
DC,2016,December,6055.0
DC,2017,January,6128.0
DC,2017,February,6177.0
DC,2017,March,6227.0
DC,2017,April,6241.0
DC,2017,May,6287.0
DC,2017,June,6328.0
DC,2017,July,6314.0
DC,2017,August,6296.0
DC,2017,September,6302.0
DC,2017,October,6301.0
DC,2017,November,6257.0
DE,2015,January,8485.0
DE,2015,February,8561.0
DE,2015,March,8551.0
DE,2015,April,8580.0
DE,2015,May,8583.0
DE,2015,June,8577.0
DE,2015,July,8642.0
DE,2015,August,8648.0
DE,2015,September,8686.0
DE,2015,October,8661.0
DE,2015,November,8666.0
DE,2015,December,8591.0
DE,2016,January,8485.0
DE,2016,February,8473.0
DE,2016,March,8555.0
DE,2016,April,8530.0
DE,2016,May,8553.0
DE,2016,June,8571.0
DE,2016,July,8609.0
DE,2016,August,8666.0
DE,2016,September,8740.0
DE,2016,October,8809.0
DE,2016,November,8889.0
DE,2016,December,8980.0
DE,2017,January,9058.0
DE,2017,February,9085.0
DE,2017,March,9099.0
DE,2017,April,9150.0
DE,2017,May,9119.0
DE,2017,June,9098.0
DE,2017,July,9111.0
FL,2015,January,189170.0
DE,2017,August,9092.0
DE,2017,September,9050.0
DE,2017,October,9022.0
DE,2017,November,9053.0
FL,2015,February,190591.0
FL,2015,March,191745.0
FL,2015,April,192268.0
FL,2015,May,193067.0
FL,2015,June,193387.0
FL,2015,July,193875.0
FL,2015,August,194364.0
FL,2015,September,195097.0
FL,2015,October,195599.0
FL,2015,November,195311.0
FL,2015,December,194297.0
FL,2016,January,193810.0
FL,2016,February,194386.0
FL,2016,March,195215.0
FL,2016,April,195883.0
FL,2016,May,196050.0
FL,2016,June,196273.0
FL,2016,July,196733.0
FL,2016,August,197300.0
FL,2016,September,197602.0
FL,2016,October,198220.0
FL,2016,November,199256.0
FL,2016,December,199964.0
FL,2017,January,200885.0
FL,2017,February,200710.0
FL,2017,March,200882.0
FL,2017,April,201342.0
FL,2017,May,201707.0
FL,2017,June,202315.0
FL,2017,July,202401.0
FL,2017,August,202942.0
FL,2017,September,203978.0
FL,2017,October,204664.0
FL,2017,November,205027.0
FL,2015,January,2755.0
FL,2015,February,2824.0
FL,2015,March,2862.0
FL,2015,April,2886.0
FL,2015,May,2958.0
FL,2015,June,2983.0
FL,2015,July,3117.0
FL,2015,August,3204.0
FL,2015,September,3270.0
FL,2015,October,3341.0
FL,2015,November,3340.0
FL,2015,December,3352.0
FL,2016,January,3324.0
FL,2016,February,3401.0
FL,2016,March,3596.0
FL,2016,April,3703.0
FL,2016,May,3759.0
FL,2016,June,3843.0
FL,2016,July,3973.0
FL,2016,August,4091.0
FL,2016,September,4279.0
FL,2016,October,4579.0
FL,2016,November,4836.0
FL,2016,December,4996.0
FL,2017,January,5180.0
FL,2017,February,5231.0
FL,2017,March,5287.0
FL,2017,April,5386.0
FL,2017,May,5535.0
FL,2017,June,5675.0
FL,2017,July,5601.0
FL,2017,August,5624.0
FL,2017,September,5586.0
FL,2017,October,5467.0
FL,2017,November,5401.0
GA,2015,January,77687.0
GA,2015,February,78215.0
GA,2015,March,78805.0
GA,2015,April,79111.0
GA,2015,May,79186.0
GA,2015,June,79559.0
GA,2015,July,79994.0
GA,2015,August,80081.0
GA,2015,September,80392.0
GA,2015,October,80715.0
GA,2015,November,80919.0
GA,2015,December,80541.0
GA,2016,January,80247.0
GA,2016,February,80280.0
GA,2016,March,80292.0
GA,2016,April,80405.0
GA,2016,May,80430.0
GA,2016,June,80535.0
GA,2016,July,80602.0
GA,2016,August,81003.0
GA,2016,September,81280.0
GA,2016,October,81277.0
GA,2016,November,81392.0
GA,2016,December,81783.0
GA,2017,January,82148.0
GA,2017,February,82141.0
GA,2017,March,82431.0
GA,2017,April,82580.0
GA,2017,May,82805.0
GA,2017,June,82939.0
GA,2017,July,83076.0
GA,2017,August,83106.0
GA,2017,September,83175.0
GA,2017,October,83559.0
GA,2017,November,83624.0
GA,2015,January,1206.0
GA,2015,February,1235.0
GA,2015,March,1257.0
GA,2015,April,1270.0
GA,2015,May,1289.0
GA,2015,June,1311.0
GA,2015,July,1330.0
GA,2015,August,1327.0
GA,2015,September,1314.0
GA,2015,October,1337.0
GA,2015,November,1315.0
GA,2015,December,1308.0
GA,2016,January,1299.0
GA,2016,February,1277.0
GA,2016,March,1278.0
GA,2016,April,1291.0
GA,2016,May,1268.0
GA,2016,June,1279.0
GA,2016,July,1270.0
GA,2016,August,1275.0
GA,2016,September,1289.0
GA,2016,October,1298.0
GA,2016,November,1344.0
GA,2016,December,1370.0
GA,2017,January,1399.0
GA,2017,February,1418.0
GA,2017,March,1436.0
GA,2017,April,1467.0
GA,2017,May,1484.0
GA,2017,June,1485.0
GA,2017,July,1493.0
GA,2017,August,1501.0
GA,2017,September,1499.0
GA,2017,October,1520.0
GA,2017,November,1506.0
HI,2015,January,11026.0
HI,2015,February,11076.0
HI,2015,March,11073.0
HI,2015,April,11031.0
HI,2015,May,11063.0
HI,2015,June,11100.0
HI,2015,July,11111.0
HI,2015,August,11116.0
HI,2015,September,11154.0
HI,2015,October,11187.0
HI,2015,November,11203.0
HI,2015,December,11208.0
HI,2016,January,11070.0
HI,2016,February,11065.0
HI,2016,March,11067.0
HI,2016,April,11057.0
HI,2016,May,10969.0
HI,2016,June,10901.0
HI,2016,July,10896.0
HI,2016,August,10892.0
HI,2016,September,10824.0
HI,2016,October,10870.0
HI,2016,November,10939.0
HI,2016,December,11041.0
HI,2017,January,11142.0
HI,2017,February,11113.0
HI,2017,March,11138.0
HI,2017,April,11207.0
HI,2017,May,11308.0
HI,2017,June,11383.0
HI,2017,July,11389.0
HI,2017,August,11418.0
HI,2017,September,11440.0
HI,2017,October,11406.0
HI,2017,November,11465.0
IA,2015,January,29177.0
IA,2015,February,29203.0
IA,2015,March,29380.0
IA,2015,April,29412.0
IA,2015,May,29462.0
IA,2015,June,29533.0
IA,2015,July,29649.0
IA,2015,August,29667.0
IA,2015,September,29678.0
IA,2015,October,29692.0
IA,2015,November,29599.0
IA,2015,December,29291.0
IA,2016,January,29031.0
IA,2016,February,29156.0
IA,2016,March,28911.0
IA,2016,April,28908.0
IA,2016,May,28909.0
IA,2016,June,28863.0
IA,2016,July,28746.0
IA,2016,August,28760.0
IA,2016,September,28822.0
IA,2016,October,28956.0
IA,2016,November,29018.0
IA,2016,December,29318.0
IA,2017,January,29622.0
IA,2017,February,29704.0
IA,2017,March,29946.0
IA,2017,April,30000.0
IA,2017,May,30122.0
IA,2017,June,30214.0
IA,2017,July,30211.0
IA,2017,August,30110.0
IA,2017,September,30123.0
IA,2017,October,30136.0
IA,2017,November,30221.0
ID,2015,January,12667.0
ID,2015,February,12669.0
ID,2015,March,12693.0
ID,2015,April,12753.0
ID,2015,May,12849.0
ID,2015,June,12831.0
ID,2015,July,12917.0
ID,2015,August,12836.0
ID,2015,September,12782.0
ID,2015,October,12892.0
ID,2015,November,12905.0
ID,2015,December,12987.0
ID,2016,January,12912.0
ID,2016,February,12987.0
ID,2016,March,13036.0
ID,2016,April,13093.0
ID,2016,May,13131.0
ID,2016,June,13221.0
ID,2016,July,13228.0
ID,2016,August,13283.0
ID,2016,September,13227.0
ID,2016,October,13205.0
ID,2016,November,13190.0
ID,2016,December,13297.0
ID,2017,January,13479.0
ID,2017,February,13530.0
ID,2017,March,13601.0
ID,2017,April,13619.0
ID,2017,May,13588.0
ID,2017,June,13581.0
ID,2017,July,13622.0
ID,2017,August,13657.0
ID,2017,September,13770.0
ID,2017,October,13865.0
ID,2017,November,13937.0
IL,2015,January,103054.0
IL,2015,February,103174.0
IL,2015,March,103679.0
IL,2015,April,104256.0
IL,2015,May,104525.0
IL,2015,June,104648.0
IL,2015,July,104977.0
IL,2015,August,105266.0
IL,2015,September,105207.0
IL,2015,October,105465.0
IL,2015,November,105252.0
IL,2015,December,103953.0
IL,2016,January,103132.0
IL,2016,February,103656.0
IL,2016,March,103543.0
IL,2016,April,103291.0
IL,2016,May,103228.0
IL,2016,June,103275.0
IL,2016,July,103249.0
IL,2016,August,103292.0
IL,2016,September,103368.0
IL,2016,October,103256.0
IL,2016,November,103309.0
IL,2016,December,104091.0
IL,2017,January,104762.0
IL,2017,February,104986.0
IL,2017,March,105376.0
IL,2017,April,105559.0
IL,2017,May,105625.0
IL,2017,June,105673.0
IL,2017,July,105607.0
IL,2017,August,105639.0
IL,2017,September,105969.0
IL,2017,October,105958.0
IL,2017,November,106309.0
IL,2015,January,1652.0
IL,2015,February,1657.0
IL,2015,March,1688.0
IL,2015,April,1735.0
IL,2015,May,1782.0
IL,2015,June,1766.0
IL,2015,July,1761.0
IL,2015,August,1793.0
IL,2015,September,1813.0
IL,2015,October,1847.0
IL,2015,November,1860.0
IL,2015,December,1864.0
IL,2016,January,1893.0
IL,2016,February,1958.0
IL,2016,March,2025.0
IL,2016,April,2097.0
IL,2016,May,2129.0
IL,2016,June,2213.0
IL,2016,July,2261.0
IL,2016,August,2275.0
IL,2016,September,2319.0
IL,2016,October,2297.0
IL,2016,November,2333.0
IL,2016,December,2427.0
IL,2017,January,2524.0
IL,2017,February,2553.0
IL,2017,March,2543.0
IL,2017,April,2512.0
IL,2017,May,2472.0
IL,2017,June,2461.0
IL,2017,July,2485.0
IL,2017,August,2559.0
IL,2017,September,2649.0
IL,2017,October,2712.0
IL,2017,November,2778.0
IN,2015,January,62174.0
IN,2015,February,62377.0
IN,2015,March,62886.0
IN,2015,April,63354.0
IN,2015,May,63491.0
IN,2015,June,63517.0
IN,2015,July,63570.0
IN,2015,August,63694.0
IN,2015,September,63837.0
IN,2015,October,63829.0
IN,2015,November,63655.0
IN,2015,December,63255.0
IN,2016,January,62610.0
IN,2016,February,62863.0
IN,2016,March,62968.0
IN,2016,April,62811.0
IN,2016,May,62632.0
IN,2016,June,62648.0
IN,2016,July,62795.0
IN,2016,August,62933.0
IN,2016,September,62891.0
IN,2016,October,63185.0
IN,2016,November,63580.0
IN,2016,December,64051.0
IN,2017,January,64519.0
IN,2017,February,64805.0
IN,2017,March,65113.0
IN,2017,April,65352.0
IN,2017,May,65591.0
IN,2017,June,65901.0
IN,2017,July,65946.0
IN,2017,August,65950.0
IN,2017,September,66103.0
IN,2017,October,66068.0
IN,2017,November,66049.0
IN,2015,January,1162.0
IN,2015,February,1151.0
IN,2015,March,1193.0
IN,2015,April,1208.0
IN,2015,May,1203.0
IN,2015,June,1217.0
IN,2015,July,1207.0
IN,2015,August,1221.0
IN,2015,September,1210.0
IN,2015,October,1205.0
IN,2015,November,1218.0
IN,2015,December,1232.0
IN,2016,January,1228.0
IN,2016,February,1259.0
IN,2016,March,1264.0
IN,2016,April,1285.0
IN,2016,May,1321.0
IN,2016,June,1354.0
IN,2016,July,1383.0
IN,2016,August,1421.0
IN,2016,September,1434.0
IN,2016,October,1441.0
IN,2016,November,1469.0
IN,2016,December,1506.0
IN,2017,January,1576.0
IN,2017,February,1629.0
IN,2017,March,1664.0
IN,2017,April,1700.0
KY,2015,March,45453.0
IN,2017,May,1720.0
IN,2017,June,1719.0
IN,2017,July,1776.0
IN,2017,August,1761.0
IN,2017,September,1801.0
IN,2017,October,1841.0
IN,2017,November,1858.0
KS,2015,January,25208.0
KS,2015,February,25320.0
KS,2015,March,25392.0
KS,2015,April,25392.0
KS,2015,May,25456.0
KS,2015,June,25657.0
KS,2015,July,25803.0
KS,2015,August,25885.0
KS,2015,September,25920.0
KS,2015,October,26017.0
KS,2015,November,25935.0
KS,2015,December,25863.0
KS,2016,January,25598.0
KS,2016,February,25507.0
KS,2016,March,25415.0
KS,2016,April,25463.0
KS,2016,May,25400.0
KS,2016,June,25353.0
KS,2016,July,25292.0
KS,2016,August,25308.0
KS,2016,September,25223.0
KS,2016,October,25174.0
KS,2016,November,25296.0
KS,2016,December,25489.0
KS,2017,January,25719.0
KS,2017,February,25935.0
KS,2017,March,26132.0
KS,2017,April,26136.0
KS,2017,May,26153.0
KS,2017,June,26081.0
KS,2017,July,26135.0
KS,2017,August,26013.0
KS,2017,September,26086.0
KY,2015,April,45635.0
KS,2017,October,26141.0
KS,2017,November,26134.0
KY,2015,January,44911.0
KY,2015,February,45331.0
KY,2015,May,45852.0
KY,2015,June,45839.0
KY,2015,July,45917.0
KY,2015,August,45990.0
KY,2015,September,46169.0
KY,2015,October,46372.0
KY,2015,November,46396.0
KY,2015,December,46195.0
KY,2016,January,45819.0
KY,2016,February,45854.0
KY,2016,March,46039.0
KY,2016,April,46307.0
KY,2016,May,46269.0
KY,2016,June,46456.0
KY,2016,July,46593.0
KY,2016,August,46769.0
KY,2016,September,47052.0
KY,2016,October,47070.0
KY,2016,November,47283.0
KY,2016,December,47606.0
KY,2017,January,47839.0
KY,2017,February,47924.0
KY,2017,March,48018.0
KY,2017,April,48044.0
KY,2017,May,48134.0
KY,2017,June,48251.0
KY,2017,July,48224.0
KY,2017,August,48140.0
KY,2017,September,48006.0
KY,2017,October,47958.0
KY,2017,November,47833.0
KY,2015,January,1101.0
KY,2015,February,1121.0
KY,2015,March,1152.0
KY,2015,April,1172.0
KY,2015,May,1185.0
KY,2015,June,1198.0
KY,2015,July,1211.0
KY,2015,August,1208.0
KY,2015,September,1233.0
KY,2015,October,1217.0
KY,2015,November,1240.0
KY,2015,December,1248.0
KY,2016,January,1253.0
KY,2016,February,1228.0
KY,2016,March,1253.0
KY,2016,April,1291.0
KY,2016,May,1320.0
KY,2016,June,1371.0
KY,2016,July,1376.0
KY,2016,August,1404.0
KY,2016,September,1411.0
KY,2016,October,1416.0
KY,2016,November,1395.0
KY,2016,December,1437.0
KY,2017,January,1480.0
KY,2017,February,1545.0
KY,2017,March,1552.0
KY,2017,April,1580.0
KY,2017,May,1583.0
KY,2017,June,1564.0
KY,2017,July,1568.0
KY,2017,August,1575.0
KY,2017,September,1566.0
KY,2017,October,1564.0
KY,2017,November,1594.0
LA,2015,January,44100.0
LA,2015,February,44150.0
LA,2015,March,44301.0
LA,2015,April,44230.0
LA,2015,May,44154.0
LA,2015,June,44191.0
LA,2015,July,44204.0
LA,2015,August,44240.0
LA,2015,September,44371.0
LA,2015,October,44348.0
LA,2015,November,44169.0
LA,2015,December,43914.0
LA,2016,January,43495.0
LA,2016,February,43428.0
LA,2016,March,43445.0
LA,2016,April,43610.0
LA,2016,May,43743.0
LA,2016,June,43768.0
LA,2016,July,43742.0
LA,2016,August,43939.0
LA,2016,September,44033.0
LA,2016,October,44225.0
LA,2016,November,44340.0
LA,2016,December,44411.0
LA,2017,January,44581.0
LA,2017,February,44601.0
LA,2017,March,44777.0
LA,2017,April,44848.0
LA,2017,May,44925.0
LA,2017,June,44989.0
LA,2017,July,45009.0
LA,2017,August,45054.0
LA,2017,September,45043.0
LA,2017,October,45093.0
LA,2017,November,45359.0
LA,2015,January,782.0
LA,2015,February,785.0
LA,2015,March,784.0
LA,2015,April,796.0
LA,2015,May,803.0
LA,2015,June,802.0
LA,2015,July,825.0
LA,2015,August,823.0
LA,2015,September,838.0
LA,2015,October,834.0
LA,2015,November,853.0
LA,2015,December,875.0
LA,2016,January,890.0
LA,2016,February,901.0
LA,2016,March,894.0
LA,2016,April,893.0
LA,2016,May,899.0
LA,2016,June,941.0
LA,2016,July,962.0
LA,2016,August,979.0
LA,2016,September,997.0
LA,2016,October,1021.0
LA,2016,November,1012.0
LA,2016,December,1004.0
LA,2017,January,1016.0
LA,2017,February,1011.0
LA,2017,March,1021.0
LA,2017,April,1037.0
LA,2017,May,1031.0
LA,2017,June,1017.0
LA,2017,July,1008.0
LA,2017,August,1021.0
LA,2017,September,1015.0
LA,2017,October,1016.0
LA,2017,November,1061.0
MA,2015,January,57044.0
MA,2015,February,57676.0
MA,2015,March,58056.0
MA,2015,April,58197.0
MA,2015,May,58356.0
MA,2015,June,58523.0
MA,2015,July,58729.0
MA,2015,August,58790.0
MA,2015,September,58924.0
MA,2015,October,59151.0
MA,2015,November,59104.0
MA,2015,December,58761.0
MA,2016,January,57874.0
MA,2016,February,57469.0
MA,2016,March,57250.0
MA,2016,April,57077.0
MA,2016,May,56934.0
MA,2016,June,56937.0
MA,2016,July,56793.0
MA,2016,August,56981.0
MA,2016,September,57129.0
MA,2016,October,57073.0
MA,2016,November,57362.0
MA,2016,December,57861.0
MA,2017,January,58454.0
MA,2017,February,58797.0
MA,2017,March,58965.0
MA,2017,April,59087.0
MA,2017,May,59071.0
MA,2017,June,59165.0
MA,2017,July,59433.0
MA,2017,August,59587.0
MA,2017,September,59533.0
MA,2017,October,59621.0
MA,2017,November,59555.0
MA,2015,January,1296.0
MA,2015,February,1288.0
MA,2015,March,1331.0
MA,2015,April,1376.0
MA,2015,May,1395.0
MA,2015,June,1408.0
MA,2015,July,1453.0
MA,2015,August,1494.0
MA,2015,September,1549.0
MA,2015,October,1623.0
MA,2015,November,1702.0
MA,2015,December,1723.0
MA,2016,January,1738.0
MA,2016,February,1788.0
MA,2016,March,1812.0
MA,2016,April,1889.0
MA,2016,May,1932.0
MA,2016,June,2001.0
MA,2016,July,2073.0
MA,2016,August,2089.0
MA,2016,September,2131.0
MA,2016,October,2143.0
MA,2016,November,2157.0
MA,2016,December,2198.0
MA,2017,January,2224.0
MA,2017,February,2206.0
MA,2017,March,2203.0
MA,2017,April,2168.0
MA,2017,May,2140.0
MA,2017,June,2101.0
MA,2017,July,2074.0
MA,2017,August,2098.0
MA,2017,September,2098.0
MA,2017,October,2082.0
MA,2017,November,2091.0
MD,2016,May,506.0
MD,2016,June,560.0
MD,2016,July,596.0
MD,2016,August,604.0
MD,2016,September,609.0
MD,2016,October,626.0
MD,2016,November,633.0
MD,2016,December,656.0
MD,2017,January,679.0
MD,2017,February,688.0
MD,2017,March,692.0
MD,2017,April,683.0
MD,2017,May,646.0
MD,2017,June,613.0
MD,2017,July,582.0
MD,2017,August,574.0
MD,2017,September,572.0
MD,2017,October,556.0
MD,2017,November,543.0
MD,2016,May,508.0
MD,2016,June,551.0
MD,2016,July,573.0
MD,2016,August,603.0
MD,2016,September,633.0
MD,2016,October,632.0
MD,2016,November,665.0
MD,2016,December,694.0
MD,2017,January,713.0
MD,2017,February,709.0
MD,2017,March,714.0
MD,2017,April,704.0
MD,2017,May,693.0
MD,2017,June,663.0
MD,2017,July,642.0
MD,2017,August,612.0
MD,2017,September,594.0
MD,2017,October,589.0
MD,2017,November,579.0
MD,2015,January,46592.0
MD,2015,February,46765.0
MD,2015,March,46818.0
MD,2015,April,46928.0
MD,2015,May,47095.0
MD,2015,June,47301.0
MD,2015,July,47386.0
MD,2015,August,47457.0
MD,2015,September,47485.0
MD,2015,October,47630.0
MD,2015,November,47583.0
MD,2015,December,47162.0
MD,2016,January,46615.0
MD,2016,February,46686.0
MD,2016,March,46689.0
MD,2016,April,46898.0
MD,2016,May,47054.0
MD,2016,June,47120.0
MD,2016,July,47315.0
MD,2016,August,47548.0
MD,2016,September,47868.0
MD,2016,October,48045.0
MD,2016,November,48351.0
MD,2016,December,48668.0
MD,2017,January,49034.0
MD,2017,February,49192.0
MD,2017,March,49493.0
MD,2017,April,49580.0
MD,2017,May,49562.0
MD,2017,June,49663.0
MD,2017,July,49538.0
MD,2017,August,49559.0
MD,2017,September,49592.0
MD,2017,October,49536.0
MD,2017,November,49547.0
MD,2015,January,1078.0
MD,2015,February,1115.0
MD,2015,March,1129.0
MD,2015,April,1125.0
MD,2015,May,1137.0
MD,2015,June,1137.0
MD,2015,July,1146.0
MD,2015,August,1169.0
MD,2015,September,1212.0
MD,2015,October,1251.0
MD,2015,November,1282.0
MD,2015,December,1320.0
MD,2016,January,1303.0
MD,2016,February,1336.0
MD,2016,March,1381.0
MD,2016,April,1479.0
MD,2016,May,1580.0
MD,2016,June,1683.0
MD,2016,July,1758.0
MD,2016,August,1848.0
MD,2016,September,1907.0
MD,2016,October,1945.0
MD,2016,November,1997.0
MD,2016,December,2074.0
MD,2017,January,2174.0
MD,2017,February,2188.0
MD,2017,March,2230.0
MD,2017,April,2266.0
MD,2017,May,2268.0
MD,2017,June,2274.0
MD,2017,July,2259.0
MD,2017,August,2250.0
MD,2017,September,2262.0
MD,2017,October,2277.0
MD,2017,November,2284.0
MD,2015,January,936.0
MD,2015,February,964.0
MD,2015,March,969.0
MD,2015,April,970.0
MD,2015,May,975.0
MD,2015,June,965.0
MD,2015,July,976.0
MD,2015,August,996.0
MD,2015,September,1033.0
MD,2015,October,1071.0
MD,2015,November,1096.0
MD,2015,December,1130.0
MD,2016,January,1112.0
MD,2016,February,1150.0
MD,2016,March,1201.0
MD,2016,April,1286.0
MD,2016,May,1389.0
MD,2016,June,1491.0
MD,2016,July,1561.0
MD,2016,August,1640.0
MD,2016,September,1694.0
MD,2016,October,1733.0
MD,2016,November,1795.0
MD,2016,December,1866.0
MD,2017,January,1954.0
MD,2017,February,1967.0
MD,2017,March,2002.0
MD,2017,April,2036.0
MD,2017,May,2038.0
MD,2017,June,2036.0
MD,2017,July,2017.0
MD,2017,August,2008.0
MD,2017,September,2024.0
MD,2017,October,2036.0
MD,2017,November,2034.0
MD,2016,April,521.0
MD,2016,May,617.0
MD,2016,June,706.0
MD,2016,July,778.0
MD,2016,August,845.0
MD,2016,September,913.0
MD,2016,October,974.0
MD,2016,November,1040.0
MD,2016,December,1122.0
MD,2017,January,1224.0
MD,2017,February,1270.0
MD,2017,March,1339.0
MD,2017,April,1393.0
MD,2017,May,1425.0
MD,2017,June,1455.0
MD,2017,July,1475.0
MD,2017,August,1503.0
MD,2017,September,1533.0
MD,2017,October,1560.0
MD,2017,November,1580.0
ME,2015,December,14324.0
ME,2015,January,13627.0
ME,2015,February,13845.0
ME,2015,March,13901.0
ME,2015,April,13993.0
ME,2015,May,14023.0
ME,2015,June,14016.0
ME,2015,July,14052.0
ME,2015,August,14179.0
ME,2015,September,14296.0
ME,2015,October,14368.0
ME,2015,November,14367.0
ME,2016,January,14129.0
ME,2016,February,13952.0
ME,2016,March,13897.0
ME,2016,April,13868.0
ME,2016,May,13964.0
ME,2016,June,14059.0
ME,2016,July,14044.0
ME,2016,August,14005.0
ME,2016,September,13937.0
ME,2016,October,13923.0
ME,2016,November,13983.0
ME,2016,December,14069.0
ME,2017,January,14136.0
ME,2017,February,14224.0
ME,2017,March,14326.0
ME,2017,April,14446.0
ME,2017,May,14343.0
ME,2017,June,14363.0
ME,2017,July,14326.0
ME,2017,August,14392.0
ME,2017,September,14480.0
ME,2017,October,14468.0
ME,2017,November,14492.0
MI,2015,January,93274.0
MI,2015,February,93559.0
MI,2015,March,94086.0
MI,2015,April,94589.0
MI,2015,May,94659.0
MI,2015,June,94937.0
MI,2015,July,95051.0
MI,2015,August,95190.0
MI,2015,September,95072.0
MI,2015,October,95079.0
MI,2015,November,94631.0
MI,2015,December,93920.0
MI,2016,January,93137.0
MI,2016,February,93407.0
MI,2016,March,93268.0
MI,2016,April,93368.0
MI,2016,May,93535.0
MI,2016,June,93472.0
MI,2016,July,93394.0
MI,2016,August,93445.0
MI,2016,September,93753.0
MI,2016,October,93939.0
MI,2016,November,94283.0
MI,2016,December,94840.0
MI,2017,January,95466.0
MI,2017,February,95545.0
MI,2017,March,96009.0
MI,2017,April,96138.0
MI,2017,May,96114.0
MI,2017,June,96220.0
MI,2017,July,96254.0
MI,2017,August,96276.0
MI,2017,September,96102.0
MI,2017,October,95986.0
MI,2017,November,96053.0
MI,2015,January,1796.0
MI,2015,February,1822.0
MI,2015,March,1861.0
MI,2015,April,1941.0
MI,2015,May,1986.0
MI,2015,June,2012.0
MI,2015,July,2017.0
MI,2015,August,2009.0
MI,2015,September,2006.0
MI,2015,October,1997.0
MI,2015,November,1997.0
MI,2015,December,1973.0
MI,2016,January,1944.0
MI,2016,February,1963.0
MI,2016,March,1975.0
MI,2016,April,1927.0
MI,2016,May,1927.0
MI,2016,June,1926.0
MI,2016,July,1950.0
MI,2016,August,1977.0
MI,2016,September,2013.0
MI,2016,October,2108.0
MI,2016,November,2193.0
MI,2016,December,2342.0
MI,2017,January,2433.0
MI,2017,February,2465.0
MI,2017,March,2483.0
MI,2017,April,2501.0
MI,2017,May,2534.0
MI,2017,June,2570.0
MI,2017,July,2602.0
MI,2017,August,2663.0
MI,2017,September,2683.0
MI,2017,October,2664.0
MI,2017,November,2657.0
MN,2015,January,41954.0
MN,2015,February,42098.0
MN,2015,March,42319.0
MN,2015,April,42623.0
MN,2015,May,42666.0
MN,2015,June,42770.0
MN,2015,July,42851.0
MN,2015,August,43041.0
MN,2015,September,43112.0
MN,2015,October,43207.0
MN,2015,November,43022.0
MN,2015,December,42713.0
MN,2016,January,42576.0
MN,2016,February,42746.0
MN,2016,March,42655.0
MN,2016,April,42590.0
MN,2016,May,42526.0
MN,2016,June,42535.0
MN,2016,July,42556.0
MN,2016,August,42560.0
MN,2016,September,42690.0
MN,2016,October,42767.0
MN,2016,November,42946.0
MN,2016,December,43134.0
MN,2017,January,43129.0
MN,2017,February,43284.0
MN,2017,March,43481.0
MN,2017,April,43647.0
MN,2017,May,43864.0
MN,2017,June,43836.0
MN,2017,July,43878.0
MN,2017,August,43903.0
MN,2017,September,43935.0
MN,2017,October,43986.0
MN,2017,November,44139.0
MN,2015,January,530.0
MN,2015,February,523.0
MN,2015,March,529.0
MN,2015,April,541.0
MN,2015,May,550.0
MN,2015,June,544.0
MN,2015,July,549.0
MN,2015,August,563.0
MN,2015,September,574.0
MN,2015,October,586.0
MN,2015,November,588.0
MN,2015,December,592.0
MN,2016,January,607.0
MN,2016,February,631.0
MN,2016,March,626.0
MN,2016,April,627.0
MN,2016,May,631.0
MN,2016,June,649.0
MN,2016,July,645.0
MN,2016,August,649.0
MN,2016,September,647.0
MN,2016,October,638.0
MN,2016,November,654.0
MN,2016,December,664.0
MN,2017,January,655.0
MN,2017,February,652.0
MN,2017,March,664.0
MN,2017,April,668.0
MN,2017,May,676.0
MN,2017,June,685.0
MN,2017,July,686.0
MN,2017,August,698.0
MN,2017,September,720.0
MN,2017,October,727.0
MN,2017,November,729.0
MO,2015,January,60902.0
MO,2015,February,61478.0
MO,2015,March,61767.0
MO,2015,April,61945.0
MO,2015,May,62138.0
MO,2015,June,62053.0
MO,2015,July,62257.0
MO,2015,August,62314.0
MO,2015,September,62510.0
MO,2015,October,62571.0
MO,2015,November,62541.0
MO,2015,December,61995.0
MO,2016,January,61427.0
MO,2016,February,61186.0
MO,2016,March,60919.0
MO,2016,April,61039.0
MO,2016,May,60964.0
MO,2016,June,61135.0
MO,2016,July,61118.0
MO,2016,August,61319.0
MO,2016,September,61271.0
MO,2016,October,61393.0
MO,2016,November,61411.0
MO,2016,December,61888.0
MO,2017,January,62668.0
MO,2017,February,63131.0
MO,2017,March,63559.0
MO,2017,April,63353.0
MO,2017,May,63494.0
MO,2017,June,63526.0
MO,2017,July,63690.0
MO,2017,August,63752.0
MO,2017,September,63938.0
MO,2017,October,63906.0
MO,2017,November,64040.0
MO,2015,January,1108.0
MO,2015,February,1107.0
MO,2015,March,1092.0
MO,2015,April,1072.0
MO,2015,May,1093.0
MO,2015,June,1116.0
MO,2015,July,1103.0
MO,2015,August,1070.0
MO,2015,September,1081.0
MO,2015,October,1071.0
MO,2015,November,1090.0
MO,2015,December,1087.0
MO,2016,January,1096.0
MO,2016,February,1121.0
MO,2016,March,1129.0
MO,2016,April,1150.0
MO,2016,May,1147.0
MO,2016,June,1157.0
MO,2016,July,1192.0
MO,2016,August,1236.0
MO,2016,September,1247.0
MO,2016,October,1288.0
MO,2016,November,1329.0
MO,2016,December,1386.0
MO,2017,January,1393.0
MO,2017,February,1387.0
MO,2017,March,1414.0
MO,2017,April,1402.0
MO,2017,May,1402.0
MO,2017,June,1402.0
MO,2017,July,1394.0
MO,2017,August,1392.0
MO,2017,September,1421.0
MO,2017,October,1428.0
MO,2017,November,1407.0
MS,2015,January,29715.0
MS,2015,February,29969.0
MS,2015,March,30211.0
MS,2015,April,30303.0
MS,2015,May,30541.0
MS,2015,June,30703.0
MS,2015,July,30921.0
MS,2015,August,31052.0
MS,2015,September,31070.0
MS,2015,October,31167.0
MS,2015,November,31127.0
MS,2015,December,31006.0
MS,2016,January,31049.0
MS,2016,February,30918.0
MS,2016,March,30894.0
MS,2016,April,30800.0
MS,2016,May,30752.0
MS,2016,June,30689.0
MS,2016,July,30590.0
MS,2016,August,30681.0
MS,2016,September,30644.0
MS,2016,October,30712.0
MS,2016,November,30844.0
MS,2016,December,31016.0
MS,2017,January,30967.0
MS,2017,February,30963.0
MS,2017,March,30992.0
MS,2017,April,31024.0
MS,2017,May,30976.0
MS,2017,June,31047.0
MS,2017,July,31102.0
MS,2017,August,30942.0
MS,2017,September,31006.0
MS,2017,October,31020.0
MS,2017,November,31126.0
MT,2015,January,9502.0
MT,2015,February,9500.0
MT,2015,March,9476.0
MT,2015,April,9508.0
MT,2015,May,9609.0
MT,2015,June,9669.0
MT,2015,July,9716.0
MT,2015,August,9778.0
MT,2015,September,9754.0
MT,2015,October,9817.0
MT,2015,November,9779.0
MT,2015,December,9901.0
MT,2016,January,9832.0
MT,2016,February,9921.0
MT,2016,March,9939.0
MT,2016,April,9973.0
MT,2016,May,9938.0
MT,2016,June,9863.0
MT,2016,July,9913.0
MT,2016,August,9886.0
MT,2016,September,9863.0
MT,2016,October,9873.0
MT,2016,November,9904.0
MT,2016,December,9941.0
MT,2017,January,10052.0
MT,2017,February,10132.0
MT,2017,March,10232.0
MT,2017,April,10222.0
MT,2017,May,10242.0
MT,2017,June,10297.0
MT,2017,July,10284.0
MT,2017,August,10307.0
MT,2017,September,10285.0
MT,2017,October,10316.0
MT,2017,November,10342.0
NC,2017,January,510.0
NC,2017,February,533.0
NC,2017,March,550.0
NC,2017,April,551.0
NC,2017,May,557.0
NC,2017,June,573.0
NC,2017,July,587.0
NC,2017,August,588.0
NC,2017,September,608.0
NC,2017,October,624.0
NC,2017,November,616.0
NC,2016,August,508.0
NC,2016,September,526.0
NC,2016,October,528.0
NC,2016,November,529.0
NC,2016,December,547.0
NC,2017,January,560.0
NC,2017,February,556.0
NC,2017,March,551.0
NC,2017,April,550.0
NC,2017,May,541.0
NC,2017,June,528.0
NC,2017,July,522.0
NC,2017,August,507.0
NC,2017,September,508.0
NC,2015,July,510.0
NC,2015,August,512.0
NC,2015,September,530.0
NC,2015,October,537.0
NC,2015,November,548.0
NC,2015,December,555.0
NC,2016,January,565.0
NC,2016,February,564.0
NC,2016,March,581.0
NC,2016,April,587.0
NC,2016,May,590.0
NC,2016,June,602.0
NC,2016,July,614.0
NC,2016,August,614.0
NC,2016,September,608.0
NC,2016,October,612.0
NC,2016,November,599.0
NC,2016,December,597.0
NC,2017,January,594.0
NC,2017,February,603.0
NC,2017,March,579.0
NC,2017,April,553.0
NC,2017,May,539.0
NC,2017,June,529.0
NC,2017,July,509.0
NC,2017,August,519.0
NC,2015,January,87132.0
NC,2015,February,87784.0
NC,2015,March,88384.0
NC,2015,April,88620.0
NC,2015,May,88818.0
NC,2015,June,89238.0
NC,2015,July,89630.0
NC,2015,August,89864.0
NC,2015,September,90001.0
NC,2015,October,90154.0
NC,2015,November,90229.0
NC,2015,December,90025.0
NC,2016,January,89624.0
NC,2016,February,89619.0
NC,2016,March,89556.0
NC,2016,April,89779.0
NC,2016,May,90013.0
NC,2016,June,90010.0
NC,2016,July,90104.0
NC,2016,August,90243.0
NC,2016,September,90330.0
NC,2016,October,90585.0
NC,2016,November,90874.0
NC,2016,December,91350.0
NC,2017,January,91506.0
NC,2017,February,91572.0
NC,2017,March,92295.0
NC,2017,April,92535.0
NC,2017,May,92775.0
NC,2017,June,92926.0
NC,2017,July,93141.0
NC,2017,August,93482.0
NC,2017,September,93786.0
NC,2017,October,93739.0
NC,2017,November,93713.0
NC,2015,January,1359.0
NC,2015,February,1357.0
NC,2015,March,1358.0
NC,2015,April,1365.0
NC,2015,May,1389.0
NC,2015,June,1406.0
NC,2015,July,1422.0
NC,2015,August,1416.0
NC,2015,September,1439.0
NC,2015,October,1455.0
NC,2015,November,1503.0
NC,2015,December,1537.0
NC,2016,January,1589.0
NC,2016,February,1595.0
NC,2016,March,1654.0
NC,2016,April,1694.0
NC,2016,May,1736.0
NC,2016,June,1792.0
NC,2016,July,1816.0
NC,2016,August,1869.0
NC,2016,September,1880.0
NC,2016,October,1900.0
NC,2016,November,1905.0
NC,2016,December,1931.0
NC,2017,January,1969.0
NC,2017,February,2008.0
NC,2017,March,2013.0
NC,2017,April,1997.0
NC,2017,May,1983.0
NC,2017,June,2017.0
NC,2017,July,2028.0
NC,2017,August,2066.0
NC,2017,September,2107.0
NC,2017,October,2095.0
NC,2017,November,2057.0
NC,2015,January,979.0
NC,2015,February,986.0
NC,2015,March,1002.0
NC,2015,April,1020.0
NC,2015,May,1038.0
NC,2015,June,1061.0
NC,2015,July,1059.0
NC,2015,August,1046.0
NC,2015,September,1074.0
NC,2015,October,1090.0
NC,2015,November,1131.0
NC,2015,December,1159.0
NC,2016,January,1199.0
NC,2016,February,1212.0
NC,2016,March,1252.0
NC,2016,April,1278.0
NC,2016,May,1310.0
NC,2016,June,1361.0
NC,2016,July,1398.0
NC,2016,August,1444.0
NC,2016,September,1456.0
NC,2016,October,1468.0
NC,2016,November,1468.0
NC,2016,December,1497.0
NC,2017,January,1540.0
NC,2017,February,1572.0
NC,2017,March,1579.0
NC,2017,April,1566.0
NC,2017,May,1565.0
NC,2017,June,1586.0
NC,2017,July,1586.0
NC,2017,August,1638.0
NC,2017,September,1674.0
NC,2017,October,1667.0
NC,2017,November,1645.0
NC,2016,August,521.0
NC,2016,September,529.0
NC,2016,October,550.0
NC,2016,November,573.0
NC,2016,December,591.0
NC,2017,January,641.0
NC,2017,February,681.0
NC,2017,March,715.0
NC,2017,April,738.0
NC,2017,May,776.0
NC,2017,June,832.0
NC,2017,July,864.0
NC,2017,August,924.0
NC,2017,September,993.0
NC,2017,October,1041.0
NC,2017,November,1049.0
ND,2015,January,6887.0
ND,2015,February,6914.0
ND,2015,March,6919.0
ND,2015,April,6955.0
ND,2015,May,6945.0
ND,2015,June,6988.0
ND,2015,July,7028.0
ND,2015,August,7020.0
ND,2015,September,7028.0
ND,2015,October,6977.0
ND,2015,November,6985.0
ND,2015,December,6876.0
ND,2016,January,6754.0
ND,2016,February,6730.0
ND,2016,March,6724.0
ND,2016,April,6679.0
ND,2016,May,6700.0
ND,2016,June,6714.0
ND,2016,July,6674.0
ND,2016,August,6642.0
ND,2016,September,6617.0
ND,2016,October,6706.0
ND,2016,November,6741.0
ND,2016,December,6806.0
ND,2017,January,6845.0
ND,2017,February,6887.0
ND,2017,March,6903.0
ND,2017,April,6971.0
ND,2017,May,6972.0
ND,2017,June,6972.0
ND,2017,July,6980.0
ND,2017,August,7042.0
ND,2017,September,7080.0
ND,2017,October,7048.0
ND,2017,November,7066.0
NE,2015,January,16421.0
NE,2015,February,16509.0
NE,2015,March,16621.0
NE,2015,April,16670.0
NE,2015,May,16725.0
NE,2015,June,16799.0
NE,2015,July,16933.0
NE,2015,August,17015.0
NE,2015,September,17022.0
NE,2015,October,17086.0
NE,2015,November,17034.0
NE,2015,December,16957.0
NE,2016,January,16726.0
NE,2016,February,16581.0
NE,2016,March,16408.0
NE,2016,April,16419.0
NE,2016,May,16382.0
NE,2016,June,16288.0
NE,2016,July,16202.0
NE,2016,August,16307.0
NE,2016,September,16251.0
NE,2016,October,16182.0
NE,2016,November,16289.0
NE,2016,December,16400.0
NE,2017,January,16669.0
NE,2017,February,16872.0
NE,2017,March,16953.0
NE,2017,April,16866.0
NE,2017,May,16904.0
NE,2017,June,17048.0
NE,2017,July,17128.0
NE,2017,August,16999.0
NE,2017,September,17031.0
NE,2017,October,17093.0
NE,2017,November,17097.0
NH,2015,January,11342.0
NH,2015,February,11493.0
NH,2015,March,11545.0
NH,2015,April,11681.0
NH,2015,May,11690.0
NH,2015,June,11644.0
NH,2015,July,11755.0
NH,2015,August,11754.0
NH,2015,September,11775.0
NH,2015,October,11802.0
NH,2015,November,11736.0
NH,2015,December,11724.0
NH,2016,January,11617.0
NH,2016,February,11550.0
NH,2016,March,11567.0
NH,2016,April,11555.0
NH,2016,May,11524.0
NH,2016,June,11531.0
NH,2016,July,11562.0
NH,2016,August,11597.0
NH,2016,September,11632.0
NH,2016,October,11714.0
NH,2016,November,11738.0
NH,2016,December,11909.0
NH,2017,January,11959.0
NH,2017,February,11986.0
NH,2017,March,12051.0
NH,2017,April,12070.0
NH,2017,May,12102.0
NH,2017,June,12161.0
NH,2017,July,12182.0
NH,2017,August,12297.0
NH,2017,September,12301.0
NH,2017,October,12280.0
NH,2017,November,12316.0
NJ,2015,January,70998.0
NJ,2015,February,71521.0
NJ,2015,March,71756.0
NJ,2015,April,71525.0
NJ,2015,May,71394.0
NJ,2015,June,71384.0
NJ,2015,July,71495.0
NJ,2015,August,71571.0
NJ,2015,September,71636.0
NJ,2015,October,71671.0
NJ,2015,November,71524.0
NJ,2015,December,71109.0
NJ,2016,January,70318.0
NJ,2016,February,69990.0
NJ,2016,March,69997.0
NJ,2016,April,70126.0
NJ,2016,May,70157.0
NJ,2016,June,70249.0
NJ,2016,July,70297.0
NJ,2016,August,70539.0
NJ,2016,September,70684.0
NJ,2016,October,70935.0
NJ,2016,November,71423.0
NJ,2016,December,72082.0
NJ,2017,January,72705.0
NJ,2017,February,73062.0
NJ,2017,March,73271.0
NJ,2017,April,73486.0
NJ,2017,May,73743.0
NJ,2017,June,73835.0
NJ,2017,July,73911.0
NJ,2017,August,73970.0
NJ,2017,September,74167.0
NJ,2017,October,73829.0
NJ,2017,November,73725.0
NJ,2015,January,1210.0
NJ,2015,February,1221.0
NJ,2015,March,1226.0
NJ,2015,April,1240.0
NJ,2015,May,1277.0
NJ,2015,June,1305.0
NJ,2015,July,1336.0
NJ,2015,August,1373.0
NJ,2015,September,1411.0
NJ,2015,October,1413.0
NJ,2015,November,1414.0
NJ,2015,December,1423.0
NJ,2016,January,1433.0
NJ,2016,February,1483.0
NJ,2016,March,1538.0
NJ,2016,April,1628.0
NJ,2016,May,1637.0
NJ,2016,June,1651.0
NJ,2016,July,1695.0
NJ,2016,August,1682.0
NJ,2016,September,1692.0
NJ,2016,October,1777.0
NJ,2016,November,1868.0
NJ,2016,December,1971.0
NJ,2017,January,2081.0
NJ,2017,February,2110.0
NJ,2017,March,2186.0
NJ,2017,April,2212.0
NJ,2017,May,2300.0
NJ,2017,June,2389.0
NJ,2017,July,2407.0
NJ,2017,August,2492.0
NJ,2017,September,2589.0
NJ,2017,October,2552.0
NJ,2017,November,2556.0
NM,2015,January,17051.0
NM,2015,February,17019.0
NM,2015,March,17080.0
NM,2015,April,17123.0
NM,2015,May,17012.0
NM,2015,June,17045.0
NM,2015,July,16991.0
NM,2015,August,17087.0
NM,2015,September,17113.0
NM,2015,October,17073.0
NM,2015,November,17110.0
NM,2015,December,17062.0
NM,2016,January,16987.0
NM,2016,February,17140.0
NM,2016,March,17301.0
NM,2016,April,17421.0
NM,2016,May,17557.0
NM,2016,June,17533.0
NM,2016,July,17593.0
NM,2016,August,17651.0
NM,2016,September,17636.0
NM,2016,October,17701.0
NM,2016,November,17672.0
NM,2016,December,17768.0
NM,2017,January,17808.0
NM,2017,February,17860.0
NM,2017,March,17782.0
NM,2017,April,17792.0
NM,2017,May,17876.0
NM,2017,June,17918.0
NM,2017,July,17910.0
NM,2017,August,17866.0
NM,2017,September,17923.0
NM,2017,October,17968.0
NM,2017,November,18007.0
NM,2015,January,548.0
NM,2015,February,546.0
NM,2015,March,544.0
NM,2015,April,536.0
NM,2015,May,523.0
NM,2015,June,519.0
NM,2015,July,520.0
NM,2015,August,518.0
NM,2015,September,513.0
NM,2015,October,518.0
NM,2015,November,510.0
NM,2017,January,505.0
NM,2017,April,504.0
NM,2017,May,510.0
NM,2017,June,505.0
NM,2017,July,513.0
NM,2017,August,503.0
NM,2017,October,502.0
NV,2015,January,22619.0
NV,2015,February,22628.0
NV,2015,March,22791.0
NV,2015,April,22926.0
NV,2015,May,23034.0
NV,2015,June,23228.0
NV,2015,July,23255.0
NV,2015,August,23350.0
NV,2015,September,23360.0
NV,2015,October,23392.0
NV,2015,November,23506.0
NV,2015,December,23647.0
NV,2016,January,23572.0
NV,2016,February,23876.0
NV,2016,March,23961.0
NV,2016,April,24140.0
NV,2016,May,24131.0
NV,2016,June,24153.0
NV,2016,July,24268.0
NV,2016,August,24451.0
NV,2016,September,24602.0
NV,2016,October,24669.0
NV,2016,November,24589.0
NV,2016,December,24692.0
NV,2017,January,25006.0
NV,2017,February,24911.0
NV,2017,March,24952.0
NV,2017,April,24995.0
NV,2017,May,25228.0
NV,2017,June,25388.0
NV,2017,July,25465.0
NV,2017,August,25302.0
NV,2017,September,25304.0
NV,2017,October,25437.0
NV,2017,November,25567.0
NV,2015,January,578.0
NV,2015,February,576.0
NV,2015,March,579.0
NV,2015,April,584.0
NV,2015,May,598.0
NV,2015,June,619.0
NV,2015,July,616.0
NV,2015,August,632.0
NV,2015,September,633.0
NV,2015,October,628.0
NV,2015,November,634.0
NV,2015,December,665.0
NV,2016,January,669.0
NV,2016,February,685.0
NV,2016,March,689.0
NV,2016,April,683.0
NV,2016,May,679.0
NV,2016,June,691.0
NV,2016,July,723.0
NV,2016,August,732.0
NV,2016,September,731.0
NV,2016,October,739.0
NV,2016,November,729.0
NV,2016,December,707.0
NV,2017,January,705.0
NV,2017,February,698.0
NV,2017,March,707.0
NV,2017,April,713.0
NV,2017,May,728.0
NV,2017,June,736.0
NV,2017,July,736.0
NV,2017,August,736.0
NV,2017,September,736.0
NV,2017,October,749.0
NV,2017,November,747.0
NY,2016,November,502.0
NY,2016,December,517.0
NY,2017,January,529.0
NY,2017,February,541.0
NY,2017,March,566.0
NY,2017,April,581.0
NY,2017,May,607.0
NY,2017,June,623.0
NY,2017,July,635.0
NY,2017,August,634.0
NY,2017,September,655.0
NY,2017,October,653.0
NY,2017,November,640.0
NY,2015,January,544.0
NY,2015,February,544.0
NY,2015,March,553.0
NY,2015,April,569.0
NY,2015,May,594.0
NY,2015,June,593.0
NY,2015,July,604.0
NY,2015,August,630.0
NY,2015,September,655.0
NY,2015,October,652.0
NY,2015,November,663.0
NY,2015,December,660.0
NY,2016,January,682.0
NY,2016,February,704.0
NY,2016,March,728.0
NY,2016,April,738.0
NY,2016,May,730.0
NY,2016,June,753.0
NY,2016,July,764.0
NY,2016,August,762.0
NY,2016,September,765.0
NY,2016,October,763.0
NY,2016,November,763.0
NY,2016,December,770.0
NY,2017,January,768.0
NY,2017,February,770.0
NY,2017,March,777.0
NY,2017,April,776.0
NY,2017,May,790.0
NY,2017,June,780.0
NY,2017,July,786.0
NY,2017,August,790.0
NY,2017,September,770.0
NY,2017,October,760.0
NY,2017,November,725.0
NY,2016,March,520.0
NY,2016,April,522.0
NY,2016,May,537.0
NY,2016,June,543.0
NY,2016,July,547.0
NY,2016,August,549.0
NY,2016,September,562.0
NY,2016,October,576.0
NY,2016,November,578.0
NY,2016,December,586.0
NY,2017,January,589.0
NY,2017,February,579.0
NY,2017,March,584.0
NY,2017,April,578.0
NY,2017,May,568.0
NY,2017,June,568.0
NY,2017,July,567.0
NY,2017,August,558.0
NY,2017,September,548.0
NY,2017,October,526.0
NY,2017,November,533.0
NY,2015,January,96525.0
NY,2015,February,97079.0
NY,2015,March,97885.0
NY,2015,April,98250.0
NY,2015,May,98620.0
NY,2015,June,98695.0
NY,2015,July,98964.0
NY,2015,August,99184.0
NY,2015,September,99349.0
NY,2015,October,99526.0
NY,2015,November,99173.0
NY,2015,December,98476.0
NY,2016,January,97781.0
NY,2016,February,97445.0
NY,2016,March,97131.0
NY,2016,April,97051.0
NY,2016,May,96971.0
NY,2016,June,97038.0
NY,2016,July,97055.0
NY,2016,August,97223.0
NY,2016,September,97410.0
NY,2016,October,97512.0
NY,2016,November,98048.0
NY,2016,December,98766.0
OH,2015,January,115935.0
NY,2017,January,99104.0
NY,2017,February,99226.0
NY,2017,March,99328.0
NY,2017,April,99296.0
NY,2017,May,99388.0
NY,2017,June,99738.0
NY,2017,July,99711.0
NY,2017,August,99712.0
NY,2017,September,99746.0
NY,2017,October,99421.0
NY,2017,November,99488.0
NY,2015,January,1510.0
NY,2015,February,1519.0
NY,2015,March,1535.0
NY,2015,April,1597.0
NY,2015,May,1622.0
NY,2015,June,1659.0
NY,2015,July,1694.0
NY,2015,August,1733.0
NY,2015,September,1764.0
NY,2015,October,1766.0
NY,2015,November,1789.0
NY,2015,December,1802.0
NY,2016,January,1840.0
NY,2016,February,1915.0
NY,2016,March,1978.0
NY,2016,April,2004.0
NY,2016,May,2023.0
NY,2016,June,2056.0
NY,2016,July,2084.0
NY,2016,August,2123.0
NY,2016,September,2147.0
NY,2016,October,2183.0
NY,2016,November,2219.0
NY,2016,December,2248.0
NY,2017,January,2286.0
NY,2017,February,2283.0
NY,2017,March,2323.0
OH,2015,February,116546.0
NY,2017,April,2322.0
NY,2017,May,2380.0
NY,2017,June,2419.0
NY,2017,July,2436.0
NY,2017,August,2435.0
NY,2017,September,2459.0
NY,2017,October,2416.0
NY,2017,November,2352.0
NY,2015,January,1172.0
NY,2015,February,1178.0
NY,2015,March,1198.0
NY,2015,April,1257.0
NY,2015,May,1285.0
NY,2015,June,1310.0
NY,2015,July,1348.0
NY,2015,August,1384.0
NY,2015,September,1413.0
NY,2015,October,1413.0
NY,2015,November,1445.0
NY,2015,December,1452.0
NY,2016,January,1499.0
NY,2016,February,1571.0
NY,2016,March,1621.0
NY,2016,April,1644.0
NY,2016,May,1673.0
NY,2016,June,1713.0
NY,2016,July,1752.0
NY,2016,August,1785.0
NY,2016,September,1813.0
NY,2016,October,1854.0
NY,2016,November,1880.0
NY,2016,December,1928.0
NY,2017,January,1953.0
NY,2017,February,1952.0
NY,2017,March,1987.0
NY,2017,April,1989.0
NY,2017,May,2040.0
NY,2017,June,2079.0
NY,2017,July,2092.0
NY,2017,August,2094.0
NY,2017,September,2100.0
NY,2017,October,2052.0
NY,2017,November,1997.0
NY,2015,November,515.0
NY,2015,December,532.0
NY,2016,January,569.0
NY,2016,February,626.0
NY,2016,March,671.0
NY,2016,April,706.0
NY,2016,May,751.0
NY,2016,June,809.0
NY,2016,July,856.0
NY,2016,August,898.0
NY,2016,September,940.0
NY,2016,October,996.0
NY,2016,November,1038.0
NY,2016,December,1095.0
NY,2017,January,1157.0
NY,2017,February,1189.0
NY,2017,March,1239.0
NY,2017,April,1264.0
NY,2017,May,1327.0
NY,2017,June,1377.0
NY,2017,July,1409.0
NY,2017,August,1424.0
NY,2017,September,1452.0
NY,2017,October,1426.0
NY,2017,November,1390.0
OH,2015,March,116925.0
OH,2015,April,117559.0
OH,2015,May,117995.0
OH,2015,June,118270.0
OH,2015,July,118593.0
OH,2015,August,118888.0
OH,2015,September,119011.0
OH,2015,October,119346.0
OH,2015,November,119284.0
OH,2015,December,118113.0
OH,2016,January,117030.0
OH,2016,February,117069.0
OH,2016,March,117453.0
OH,2016,April,117570.0
OH,2016,May,117613.0
OH,2016,June,117748.0
OH,2016,July,117836.0
OH,2016,August,117988.0
OH,2016,September,118330.0
OH,2016,October,118500.0
OH,2016,November,118749.0
OH,2016,December,119618.0
OH,2017,January,120604.0
OH,2017,February,121164.0
OH,2017,March,121683.0
OH,2017,April,121847.0
OH,2017,May,122149.0
OH,2017,June,122473.0
OH,2017,July,122644.0
OH,2017,August,122888.0
OH,2017,September,123101.0
OH,2017,October,123052.0
OH,2017,November,123338.0
OH,2015,January,2829.0
OH,2015,February,2828.0
OH,2015,March,2843.0
OH,2015,April,2955.0
OH,2015,May,3054.0
OH,2015,June,3051.0
OH,2015,July,3128.0
OH,2015,August,3153.0
OH,2015,September,3196.0
OH,2015,October,3222.0
OH,2015,November,3298.0
OH,2015,December,3336.0
OH,2016,January,3398.0
OH,2016,February,3452.0
OH,2016,March,3542.0
OH,2016,April,3575.0
OH,2016,May,3606.0
OH,2016,June,3652.0
OH,2016,July,3763.0
OH,2016,August,3857.0
OH,2016,September,4000.0
OH,2016,October,4121.0
OH,2016,November,4211.0
OH,2016,December,4326.0
OH,2017,January,4501.0
OH,2017,February,4709.0
OH,2017,March,4787.0
OH,2017,April,4972.0
OH,2017,May,5141.0
OH,2017,June,5291.0
OH,2017,July,5287.0
OH,2017,August,5259.0
OH,2017,September,5254.0
OH,2017,October,5219.0
OH,2017,November,5202.0
OK,2015,January,37788.0
OK,2015,February,37978.0
OK,2015,March,38043.0
OK,2015,April,38006.0
OK,2015,May,37987.0
OK,2015,June,38139.0
OK,2015,July,38193.0
OK,2015,August,38289.0
OK,2015,September,38243.0
OK,2015,October,38260.0
OK,2015,November,38278.0
OK,2015,December,38321.0
OK,2016,January,38029.0
OK,2016,February,37936.0
OK,2016,March,37812.0
OK,2016,April,37844.0
OK,2016,May,38008.0
OK,2016,June,37839.0
OK,2016,July,37797.0
OK,2016,August,37894.0
OK,2016,September,38045.0
OK,2016,October,38045.0
OK,2016,November,38040.0
OK,2016,December,38170.0
OK,2017,January,38346.0
OK,2017,February,38519.0
OK,2017,March,38618.0
OK,2017,April,38744.0
OK,2017,May,38685.0
OK,2017,June,38870.0
OK,2017,July,38998.0
OK,2017,August,39003.0
OK,2017,September,39067.0
OK,2017,October,39135.0
OK,2017,November,39290.0
OK,2015,January,794.0
OK,2015,February,773.0
OK,2015,March,771.0
OK,2015,April,766.0
OK,2015,May,752.0
OK,2015,June,738.0
OK,2015,July,733.0
OK,2015,August,727.0
OK,2015,September,718.0
OK,2015,October,723.0
OK,2015,November,727.0
OK,2015,December,722.0
OK,2016,January,696.0
OK,2016,February,710.0
OK,2016,March,698.0
OK,2016,April,712.0
OK,2016,May,734.0
OK,2016,June,727.0
OK,2016,July,752.0
OK,2016,August,768.0
OK,2016,September,761.0
OK,2016,October,776.0
OK,2016,November,776.0
OK,2016,December,803.0
OK,2017,January,831.0
OK,2017,February,834.0
OK,2017,March,845.0
OK,2017,April,848.0
OK,2017,May,829.0
OK,2017,June,849.0
OK,2017,July,848.0
OK,2017,August,818.0
OK,2017,September,821.0
OK,2017,October,791.0
OK,2017,November,791.0
OK,2015,January,505.0
OR,2015,January,34412.0
OR,2015,February,34646.0
OR,2015,March,34773.0
OR,2015,April,34918.0
OR,2015,May,35158.0
OR,2015,June,35356.0
OR,2015,July,35470.0
OR,2015,August,35486.0
OR,2015,September,35565.0
OR,2015,October,35484.0
OR,2015,November,35629.0
OR,2015,December,35732.0
OR,2016,January,35523.0
OR,2016,February,35453.0
OR,2016,March,35596.0
OR,2016,April,35581.0
OR,2016,May,35469.0
OR,2016,June,35399.0
OR,2016,July,35468.0
OR,2016,August,35574.0
OR,2016,September,35547.0
OR,2016,October,35688.0
OR,2016,November,35668.0
OR,2016,December,35918.0
OR,2017,January,36548.0
OR,2017,February,36699.0
OR,2017,March,36640.0
OR,2017,April,36709.0
OR,2017,May,36828.0
OR,2017,June,36854.0
OR,2017,July,36884.0
OR,2017,August,36909.0
OR,2017,September,36850.0
OR,2017,October,36949.0
OR,2017,November,36867.0
OR,2015,January,520.0
OR,2015,February,519.0
OR,2015,March,515.0
OR,2015,April,517.0
OR,2015,May,501.0
OR,2015,June,506.0
OR,2015,July,502.0
OR,2015,August,515.0
OR,2015,September,523.0
OR,2015,October,510.0
OR,2015,November,504.0
OR,2016,March,503.0
OR,2016,April,510.0
OR,2016,May,525.0
OR,2016,June,521.0
OR,2016,July,511.0
OR,2017,January,504.0
OR,2017,February,511.0
OR,2017,March,502.0
OR,2017,April,505.0
OR,2017,July,501.0
OR,2017,August,513.0
OR,2017,September,524.0
OR,2017,October,539.0
OR,2017,November,540.0
PA,2015,January,131628.0
PA,2015,February,132673.0
PA,2015,March,133628.0
PA,2015,April,134004.0
PA,2015,May,134018.0
PA,2015,June,134081.0
PA,2015,July,134020.0
PA,2015,August,134230.0
PA,2015,September,134427.0
PA,2015,October,134598.0
PA,2015,November,134286.0
PA,2015,December,133734.0
PA,2016,January,132350.0
PA,2016,February,131948.0
PA,2016,March,131584.0
PA,2016,April,131585.0
PA,2016,May,131231.0
PA,2016,June,131297.0
PA,2016,July,131526.0
PA,2016,August,131999.0
PA,2016,September,132286.0
PA,2016,October,132591.0
PA,2016,November,133350.0
PA,2016,December,134523.0
PA,2017,January,135317.0
PA,2017,February,135711.0
PA,2017,March,136269.0
PA,2017,April,136426.0
PA,2017,May,136853.0
PA,2017,June,137361.0
PA,2017,July,137350.0
PA,2017,August,137348.0
PA,2017,September,137493.0
PA,2017,October,137297.0
PA,2017,November,137024.0
PA,2015,January,2788.0
PA,2015,February,2815.0
PA,2015,March,2836.0
PA,2015,April,2862.0
PA,2015,May,2878.0
PA,2015,June,2964.0
PA,2015,July,3012.0
PA,2015,August,3075.0
PA,2015,September,3131.0
PA,2015,October,3203.0
PA,2015,November,3250.0
PA,2015,December,3263.0
PA,2016,January,3269.0
PA,2016,February,3414.0
PA,2016,March,3526.0
PA,2016,April,3601.0
PA,2016,May,3632.0
PA,2016,June,3657.0
PA,2016,July,3797.0
PA,2016,August,3890.0
PA,2016,September,4030.0
PA,2016,October,4158.0
PA,2016,November,4358.0
PA,2016,December,4648.0
PA,2017,January,4863.0
PA,2017,February,4944.0
PA,2017,March,5089.0
PA,2017,April,5201.0
PA,2017,May,5362.0
PA,2017,June,5481.0
PA,2017,July,5542.0
PA,2017,August,5660.0
PA,2017,September,5659.0
PA,2017,October,5596.0
PA,2017,November,5523.0
RI,2015,January,10111.0
RI,2015,February,10206.0
RI,2015,March,10268.0
RI,2015,April,10249.0
RI,2015,May,10238.0
RI,2015,June,10286.0
RI,2015,July,10365.0
RI,2015,August,10369.0
RI,2015,September,10414.0
RI,2015,October,10476.0
RI,2015,November,10496.0
RI,2015,December,10388.0
RI,2016,January,10273.0
RI,2016,February,10251.0
RI,2016,March,10173.0
RI,2016,April,10159.0
RI,2016,May,10131.0
RI,2016,June,10072.0
RI,2016,July,9973.0
RI,2016,August,9997.0
RI,2016,September,9985.0
RI,2016,October,9950.0
RI,2016,November,9940.0
RI,2016,December,10023.0
RI,2017,January,10075.0
RI,2017,February,10106.0
RI,2017,March,10186.0
RI,2017,April,10225.0
RI,2017,May,10257.0
RI,2017,June,10332.0
RI,2017,July,10373.0
RI,2017,August,10343.0
RI,2017,September,10389.0
RI,2017,October,10349.0
RI,2017,November,10377.0
SC,2015,January,44886.0
SC,2015,February,45264.0
SC,2015,March,45668.0
SC,2015,April,45723.0
SC,2015,May,45843.0
SC,2015,June,45965.0
SC,2015,July,46062.0
SC,2015,August,46168.0
SC,2015,September,46260.0
SC,2015,October,46453.0
SC,2015,November,46445.0
SC,2015,December,46352.0
SC,2016,January,46122.0
SC,2016,February,46280.0
SC,2016,March,46143.0
SC,2016,April,46278.0
SC,2016,May,46263.0
SC,2016,June,46325.0
SC,2016,July,46533.0
SC,2016,August,46492.0
SC,2016,September,46859.0
SC,2016,October,46738.0
SC,2016,November,46945.0
SC,2016,December,47123.0
SC,2017,January,47188.0
SC,2017,February,46912.0
SC,2017,March,47149.0
SC,2017,April,47314.0
SC,2017,May,47491.0
SC,2017,June,47719.0
SC,2017,July,47791.0
SC,2017,August,48016.0
SC,2017,September,47974.0
SC,2017,October,48185.0
SC,2017,November,48223.0
SC,2015,January,692.0
SC,2015,February,699.0
SC,2015,March,710.0
SC,2015,April,709.0
SC,2015,May,726.0
SC,2015,June,730.0
SC,2015,July,726.0
SC,2015,August,744.0
SC,2015,September,735.0
SC,2015,October,747.0
SC,2015,November,738.0
SC,2015,December,736.0
SC,2016,January,730.0
SC,2016,February,722.0
SC,2016,March,733.0
SC,2016,April,771.0
SC,2016,May,775.0
SC,2016,June,804.0
SC,2016,July,822.0
SC,2016,August,822.0
SC,2016,September,831.0
SC,2016,October,846.0
SC,2016,November,842.0
SC,2016,December,871.0
SC,2017,January,903.0
SC,2017,February,934.0
SC,2017,March,924.0
SC,2017,April,934.0
SC,2017,May,964.0
TN,2015,July,70091.0
SC,2017,June,978.0
SC,2017,July,981.0
SC,2017,August,999.0
SC,2017,September,1020.0
SC,2017,October,1011.0
SC,2017,November,1027.0
SC,2015,January,508.0
SC,2015,February,514.0
SC,2015,March,526.0
SC,2015,April,530.0
SC,2015,May,540.0
SC,2015,June,544.0
SC,2015,July,533.0
SC,2015,August,552.0
SC,2015,September,542.0
SC,2015,October,553.0
SC,2015,November,549.0
SC,2015,December,537.0
SC,2016,January,534.0
SC,2016,February,529.0
SC,2016,March,538.0
SC,2016,April,559.0
SC,2016,May,566.0
SC,2016,June,582.0
SC,2016,July,599.0
SC,2016,August,584.0
SC,2016,September,586.0
SC,2016,October,591.0
SC,2016,November,581.0
SC,2016,December,613.0
SC,2017,January,635.0
SC,2017,February,659.0
SC,2017,March,647.0
SC,2017,April,654.0
SC,2017,May,681.0
SC,2017,June,698.0
SC,2017,July,700.0
SC,2017,August,732.0
SC,2017,September,754.0
SC,2017,October,759.0
SC,2017,November,770.0
SD,2015,January,7700.0
SD,2015,February,7684.0
SD,2015,March,7720.0
SD,2015,April,7742.0
SD,2015,May,7758.0
SD,2015,June,7851.0
SD,2015,July,7899.0
SD,2015,August,7891.0
SD,2015,September,7950.0
SD,2015,October,7943.0
SD,2015,November,7915.0
SD,2015,December,7894.0
SD,2016,January,7793.0
SD,2016,February,7812.0
SD,2016,March,7799.0
SD,2016,April,7847.0
SD,2016,May,7862.0
SD,2016,June,7856.0
SD,2016,July,7843.0
SD,2016,August,7869.0
SD,2016,September,7808.0
SD,2016,October,7824.0
SD,2016,November,7904.0
SD,2016,December,7945.0
SD,2017,January,8046.0
SD,2017,February,8136.0
SD,2017,March,8192.0
SD,2017,April,8157.0
SD,2017,May,8170.0
SD,2017,June,8188.0
SD,2017,July,8153.0
SD,2017,August,8155.0
SD,2017,September,8154.0
SD,2017,October,8207.0
SD,2017,November,8203.0
TN,2015,January,68744.0
TN,2015,February,69161.0
TN,2015,March,69559.0
TN,2015,April,69550.0
TN,2015,May,69611.0
TN,2015,June,69812.0
TN,2015,August,70246.0
TN,2015,September,70350.0
TN,2015,October,70607.0
TN,2015,November,70639.0
TN,2015,December,70237.0
TN,2016,January,69729.0
TN,2016,February,69746.0
TN,2016,March,69856.0
TN,2016,April,70136.0
TN,2016,May,70208.0
TN,2016,June,70390.0
TN,2016,July,70501.0
TN,2016,August,70716.0
TN,2016,September,70720.0
TN,2016,October,70978.0
TN,2016,November,71016.0
TN,2016,December,71506.0
TN,2017,January,71847.0
TN,2017,February,71941.0
TN,2017,March,72319.0
TN,2017,April,72531.0
TN,2017,May,72609.0
TN,2017,June,72627.0
TN,2017,July,72875.0
TN,2017,August,72844.0
TN,2017,September,73244.0
TN,2017,October,73322.0
TN,2017,November,73588.0
TN,2015,January,1296.0
TN,2015,February,1278.0
TN,2015,March,1311.0
TN,2015,April,1302.0
TN,2015,May,1331.0
TN,2015,June,1349.0
TN,2015,July,1375.0
TN,2015,August,1388.0
TN,2015,September,1412.0
TN,2015,October,1440.0
TN,2015,November,1430.0
TN,2015,December,1455.0
TN,2016,January,1488.0
TN,2016,February,1515.0
TN,2016,March,1502.0
TN,2016,April,1510.0
TN,2016,May,1525.0
TN,2016,June,1515.0
TN,2016,July,1552.0
TN,2016,August,1579.0
TN,2016,September,1585.0
TN,2016,October,1589.0
TN,2016,November,1629.0
TN,2016,December,1643.0
TN,2017,January,1645.0
TN,2017,February,1654.0
TN,2017,March,1693.0
TN,2017,April,1725.0
TN,2017,May,1738.0
TN,2017,June,1758.0
TN,2017,July,1745.0
TN,2017,August,1735.0
TN,2017,September,1760.0
TN,2017,October,1759.0
TN,2017,November,1748.0
TX,2015,January,187532.0
TX,2015,February,188094.0
TX,2015,March,188941.0
TX,2015,April,189620.0
TX,2015,May,190366.0
TX,2015,June,190805.0
TX,2015,July,191726.0
TX,2015,August,192231.0
TX,2015,September,192514.0
TX,2015,October,192890.0
TX,2015,November,192655.0
TX,2015,December,192423.0
TX,2016,January,190544.0
TX,2016,February,191128.0
TX,2016,March,190919.0
TX,2016,April,191242.0
TX,2016,May,191348.0
TX,2016,June,191872.0
TX,2016,July,192225.0
TX,2016,August,192780.0
TX,2016,September,193407.0
TX,2016,October,193951.0
TX,2016,November,194403.0
TX,2016,December,194843.0
TX,2017,January,195741.0
TX,2017,February,196002.0
TX,2017,March,196671.0
TX,2017,April,196773.0
TX,2017,May,197103.0
TX,2017,June,197116.0
TX,2017,July,197089.0
TX,2017,August,197238.0
TX,2017,September,197642.0
TX,2017,October,198517.0
TX,2017,November,199276.0
TX,2015,January,2577.0
TX,2015,February,2520.0
TX,2015,March,2544.0
TX,2015,April,2533.0
TX,2015,May,2539.0
TX,2015,June,2517.0
TX,2015,July,2564.0
TX,2015,August,2590.0
TX,2015,September,2615.0
TX,2015,October,2625.0
TX,2015,November,2591.0
TX,2015,December,2579.0
TX,2016,January,2593.0
TX,2016,February,2645.0
TX,2016,March,2645.0
TX,2016,April,2685.0
TX,2016,May,2697.0
TX,2016,June,2724.0
TX,2016,July,2731.0
TX,2016,August,2741.0
TX,2016,September,2762.0
TX,2016,October,2749.0
TX,2016,November,2773.0
TX,2016,December,2812.0
TX,2017,January,2809.0
TX,2017,February,2812.0
TX,2017,March,2813.0
TX,2017,April,2798.0
TX,2017,May,2829.0
TX,2017,June,2838.0
TX,2017,July,2878.0
TX,2017,August,2854.0
TX,2017,September,2863.0
TX,2017,October,2874.0
TX,2017,November,2922.0
US,2015,January,5496.0
US,2015,February,5592.0
US,2015,March,5729.0
US,2015,April,5908.0
US,2015,May,5987.0
US,2015,June,6022.0
US,2015,July,6150.0
US,2015,August,6287.0
US,2015,September,6437.0
US,2015,October,6590.0
US,2015,November,6720.0
US,2015,December,6841.0
US,2016,January,6988.0
US,2016,February,7151.0
US,2016,March,7358.0
US,2016,April,7606.0
US,2016,May,7842.0
US,2016,June,8117.0
US,2016,July,8513.0
US,2016,August,8869.0
US,2016,September,9265.0
US,2016,October,9639.0
US,2016,November,10054.0
US,2016,December,10458.0
US,2017,January,10950.0
US,2017,February,11297.0
US,2017,March,11648.0
US,2017,April,12033.0
US,2017,May,12382.0
US,2017,June,12802.0
US,2017,July,12982.0
US,2017,August,13275.0
US,2017,September,13450.0
US,2017,October,13574.0
US,2017,November,13652.0
US,2015,January,10788.0
US,2015,February,11002.0
US,2015,March,11167.0
US,2015,April,11471.0
US,2015,May,11675.0
US,2015,June,11805.0
US,2015,July,11985.0
US,2015,August,12201.0
US,2015,September,12527.0
US,2015,October,12700.0
US,2015,November,12972.0
US,2015,December,13051.0
US,2016,January,13221.0
US,2016,February,13479.0
US,2016,March,13767.0
US,2016,April,14010.0
US,2016,May,14166.0
US,2016,June,14410.0
US,2016,July,14681.0
US,2016,August,14859.0
US,2016,September,14912.0
US,2016,October,14984.0
US,2016,November,15143.0
US,2016,December,15551.0
US,2017,January,15861.0
US,2017,February,15956.0
US,2017,March,16002.0
US,2017,April,15979.0
US,2017,May,16091.0
US,2017,June,16107.0
US,2017,July,15979.0
US,2017,August,15923.0
US,2017,September,15864.0
US,2017,October,15785.0
US,2017,November,15594.0
US,2015,January,3413.0
US,2015,February,3372.0
US,2015,March,3387.0
US,2015,April,3401.0
US,2015,May,3421.0
US,2015,June,3392.0
US,2015,July,3341.0
US,2015,August,3345.0
US,2015,September,3393.0
US,2015,October,3385.0
US,2015,November,3331.0
US,2015,December,3309.0
US,2016,January,3276.0
US,2016,February,3292.0
US,2016,March,3285.0
US,2016,April,3327.0
US,2016,May,3299.0
US,2016,June,3356.0
US,2016,July,3393.0
US,2016,August,3392.0
US,2016,September,3339.0
US,2016,October,3343.0
US,2016,November,3373.0
US,2016,December,3390.0
US,2017,January,3387.0
US,2017,February,3353.0
US,2017,March,3351.0
US,2017,April,3298.0
US,2017,May,3285.0
US,2017,June,3225.0
US,2017,July,3198.0
US,2017,August,3178.0
US,2017,September,3188.0
US,2017,October,3155.0
US,2017,November,3147.0
US,2015,January,12269.0
US,2015,February,12237.0
US,2015,March,12267.0
US,2015,April,12356.0
US,2015,May,12474.0
US,2015,June,12555.0
US,2015,July,12574.0
US,2015,August,12649.0
US,2015,September,12707.0
US,2015,October,12773.0
US,2015,November,12737.0
US,2015,December,12747.0
US,2016,January,12729.0
US,2016,February,12878.0
US,2016,March,13052.0
US,2016,April,13266.0
US,2016,May,13356.0
US,2016,June,13528.0
US,2016,July,13698.0
US,2016,August,13830.0
US,2016,September,13926.0
US,2016,October,14072.0
US,2016,November,14269.0
US,2016,December,14534.0
US,2017,January,14716.0
US,2017,February,14765.0
US,2017,March,14778.0
US,2017,April,14815.0
US,2017,May,14933.0
US,2017,June,14883.0
US,2017,July,14903.0
US,2017,August,14826.0
US,2017,September,14795.0
US,2017,October,14664.0
US,2017,November,14530.0
US,2015,January,47523.0
US,2015,February,47725.0
US,2015,March,48198.0
US,2015,April,48748.0
US,2015,May,49293.0
US,2015,June,49691.0
US,2015,July,50301.0
US,2015,August,50834.0
US,2015,September,51575.0
US,2015,October,52114.0
US,2015,November,52386.0
US,2015,December,52623.0
US,2016,January,52902.0
US,2016,February,53834.0
US,2016,March,54781.0
US,2016,April,55763.0
US,2016,May,56465.0
US,2016,June,57428.0
US,2016,July,58525.0
US,2016,August,59417.0
US,2016,September,60147.0
US,2016,October,61062.0
US,2016,November,62340.0
US,2016,December,63938.0
US,2017,January,65547.0
US,2017,February,66146.0
US,2017,March,66772.0
US,2017,April,67334.0
US,2017,May,68132.0
US,2017,June,68848.0
US,2017,July,69135.0
US,2017,August,69559.0
US,2017,September,70070.0
US,2017,October,70057.0
US,2017,November,69948.0
US,2015,January,28986.0
US,2015,February,29269.0
US,2015,March,29609.0
US,2015,April,30240.0
US,2015,May,30745.0
US,2015,June,31068.0
US,2015,July,31392.0
US,2015,August,31767.0
US,2015,September,32337.0
US,2015,October,32775.0
US,2015,November,33040.0
US,2015,December,33203.0
US,2016,January,33531.0
US,2016,February,34251.0
US,2016,March,35062.0
US,2016,April,35837.0
US,2016,May,36423.0
US,2016,June,37187.0
US,2016,July,38075.0
US,2016,August,38856.0
US,2016,September,39437.0
US,2016,October,40149.0
US,2016,November,41126.0
US,2016,December,42435.0
US,2017,January,43669.0
US,2017,February,44244.0
US,2017,March,44723.0
US,2017,April,45116.0
US,2017,May,45704.0
US,2017,June,46233.0
US,2017,July,46483.0
US,2017,August,46840.0
US,2017,September,47263.0
US,2017,October,47320.0
US,2017,November,47292.0
US,2015,January,4402.0
US,2015,February,4449.0
US,2015,March,4586.0
US,2015,April,4675.0
US,2015,May,4785.0
US,2015,June,4957.0
US,2015,July,5081.0
US,2015,August,5259.0
US,2015,September,5450.0
US,2015,October,5571.0
US,2015,November,5689.0
US,2015,December,5777.0
US,2016,January,5922.0
US,2016,February,6072.0
US,2016,March,6174.0
US,2016,April,6320.0
US,2016,May,6459.0
US,2016,June,6597.0
US,2016,July,6838.0
US,2016,August,6991.0
US,2016,September,7047.0
US,2016,October,7197.0
US,2016,November,7362.0
US,2016,December,7610.0
US,2017,January,7825.0
US,2017,February,8036.0
US,2017,March,8239.0
US,2017,April,8478.0
US,2017,May,8777.0
US,2017,June,9031.0
US,2017,July,9240.0
US,2017,August,9424.0
US,2017,September,9729.0
US,2017,October,9953.0
US,2017,November,10135.0
US,2015,January,5766.0
US,2015,February,6079.0
US,2015,March,6390.0
US,2015,April,6868.0
US,2015,May,7254.0
US,2015,June,7551.0
US,2015,July,7890.0
US,2015,August,8216.0
US,2015,September,8669.0
US,2015,October,9101.0
US,2015,November,9397.0
US,2015,December,9610.0
US,2016,January,9946.0
US,2016,February,10585.0
US,2016,March,11351.0
US,2016,April,12048.0
US,2016,May,12802.0
US,2016,June,13562.0
US,2016,July,14417.0
US,2016,August,15256.0
US,2016,September,16111.0
US,2016,October,17027.0
US,2016,November,18171.0
US,2016,December,19500.0
US,2017,January,20920.0
US,2017,February,21823.0
US,2017,March,22632.0
US,2017,April,23304.0
US,2017,May,24065.0
US,2017,June,24936.0
US,2017,July,25581.0
US,2017,August,26379.0
US,2017,September,27116.0
US,2017,October,27573.0
US,2017,November,27902.0
UT,2015,January,17303.0
UT,2015,February,17431.0
UT,2015,March,17543.0
UT,2015,April,17578.0
UT,2015,May,17660.0
UT,2015,June,17739.0
UT,2015,July,17792.0
UT,2015,August,17861.0
UT,2015,September,17834.0
UT,2015,October,17898.0
UT,2015,November,17881.0
UT,2015,December,17845.0
UT,2016,January,17813.0
UT,2016,February,17940.0
UT,2016,March,18065.0
UT,2016,April,18171.0
UT,2016,May,18259.0
UT,2016,June,18315.0
UT,2016,July,18426.0
UT,2016,August,18480.0
UT,2016,September,18531.0
UT,2016,October,18457.0
UT,2016,November,18389.0
UT,2016,December,18498.0
UT,2017,January,18572.0
UT,2017,February,18505.0
UT,2017,March,18483.0
UT,2017,April,18456.0
UT,2017,May,18410.0
UT,2017,June,18402.0
UT,2017,July,18334.0
UT,2017,August,18361.0
UT,2017,September,18490.0
UT,2017,October,18617.0
UT,2017,November,18747.0
UT,2015,January,619.0
UT,2015,February,606.0
UT,2015,March,606.0
UT,2015,April,614.0
UT,2015,May,599.0
UT,2015,June,603.0
UT,2015,July,596.0
UT,2015,August,607.0
UT,2015,September,622.0
UT,2015,October,655.0
UT,2015,November,657.0
UT,2015,December,649.0
UT,2016,January,672.0
UT,2016,February,689.0
UT,2016,March,710.0
UT,2016,April,707.0
UT,2016,May,716.0
UT,2016,June,714.0
UT,2016,July,715.0
UT,2016,August,717.0
UT,2016,September,694.0
UT,2016,October,682.0
UT,2016,November,667.0
UT,2016,December,650.0
UT,2017,January,641.0
UT,2017,February,643.0
UT,2017,March,621.0
UT,2017,April,619.0
UT,2017,May,612.0
UT,2017,June,615.0
UT,2017,July,621.0
UT,2017,August,616.0
UT,2017,September,618.0
UT,2017,October,613.0
UT,2017,November,627.0
UT,2016,March,505.0
UT,2016,April,501.0
UT,2016,May,509.0
UT,2016,June,512.0
UT,2016,July,514.0
UT,2016,August,521.0
UT,2016,September,506.0
UT,2016,October,503.0
VA,2017,July,506.0
VA,2017,August,524.0
VA,2017,September,534.0
VA,2017,October,529.0
VA,2017,November,524.0
VA,2015,January,63414.0
VA,2015,February,63896.0
VA,2015,March,64114.0
VA,2015,April,64331.0
VA,2015,May,64403.0
VA,2015,June,64455.0
VA,2015,July,64525.0
VA,2015,August,64848.0
VA,2015,September,65030.0
VA,2015,October,65166.0
VA,2015,November,65089.0
VA,2015,December,64760.0
VA,2016,January,64036.0
VA,2016,February,63994.0
VA,2016,March,64135.0
VA,2016,April,64102.0
VA,2016,May,64400.0
VA,2016,June,64560.0
VA,2016,July,64782.0
VA,2016,August,64813.0
VA,2016,September,64726.0
VA,2016,October,64975.0
VA,2016,November,65204.0
VA,2016,December,65580.0
VA,2017,January,65966.0
VA,2017,February,66108.0
VA,2017,March,66447.0
VA,2017,April,66750.0
VA,2017,May,66772.0
VA,2017,June,66966.0
VA,2017,July,66942.0
VA,2017,August,67016.0
VA,2017,September,67362.0
VA,2017,October,67354.0
VA,2017,November,67382.0
VA,2015,January,959.0
VA,2015,February,980.0
VA,2015,March,968.0
VA,2015,April,966.0
VA,2015,May,973.0
VA,2015,June,984.0
VA,2015,July,976.0
VA,2015,August,994.0
VA,2015,September,1009.0
VA,2015,October,1016.0
VA,2015,November,992.0
VA,2015,December,1002.0
VA,2016,January,1006.0
VA,2016,February,1051.0
VA,2016,March,1107.0
VA,2016,April,1131.0
VA,2016,May,1160.0
VA,2016,June,1186.0
VA,2016,July,1214.0
VA,2016,August,1229.0
VA,2016,September,1260.0
VA,2016,October,1287.0
VA,2016,November,1340.0
VA,2016,December,1356.0
VA,2017,January,1392.0
VA,2017,February,1402.0
VA,2017,March,1393.0
VA,2017,April,1406.0
VA,2017,May,1414.0
VA,2017,June,1427.0
VA,2017,July,1439.0
VA,2017,August,1452.0
VA,2017,September,1437.0
VA,2017,October,1420.0
VA,2017,November,1420.0
VA,2015,January,748.0
VA,2015,February,763.0
VA,2015,March,754.0
VA,2015,April,751.0
VA,2015,May,760.0
VA,2015,June,771.0
VA,2015,July,767.0
VA,2015,August,780.0
VA,2015,September,793.0
VA,2015,October,812.0
VA,2015,November,794.0
VA,2015,December,802.0
VA,2016,January,804.0
VA,2016,February,855.0
VA,2016,March,902.0
VA,2016,April,926.0
VA,2016,May,951.0
VA,2016,June,976.0
VA,2016,July,994.0
VA,2016,August,1009.0
VA,2016,September,1028.0
VA,2016,October,1056.0
VA,2016,November,1097.0
VA,2016,December,1117.0
VA,2017,January,1148.0
VA,2017,February,1151.0
VA,2017,March,1140.0
VA,2017,April,1146.0
VA,2017,May,1146.0
VA,2017,June,1150.0
VA,2017,July,1170.0
VA,2017,August,1190.0
VA,2017,September,1188.0
VA,2017,October,1160.0
VA,2017,November,1167.0
VA,2016,August,514.0
VA,2016,September,534.0
VA,2016,October,562.0
VA,2016,November,610.0
VA,2016,December,650.0
VA,2017,January,694.0
VA,2017,February,703.0
VA,2017,March,696.0
VA,2017,April,691.0
VA,2017,May,697.0
VA,2017,June,712.0
VA,2017,July,736.0
VA,2017,August,758.0
VA,2017,September,765.0
VA,2017,October,757.0
VA,2017,November,772.0
VT,2015,January,5573.0
VT,2015,February,5639.0
VT,2015,March,5683.0
VT,2015,April,5776.0
VT,2015,May,5799.0
VT,2015,June,5819.0
VT,2015,July,5816.0
VT,2015,August,5793.0
VT,2015,September,5748.0
VT,2015,October,5711.0
VT,2015,November,5737.0
VT,2015,December,5770.0
VT,2016,January,5734.0
VT,2016,February,5710.0
VT,2016,March,5729.0
VT,2016,April,5666.0
VT,2016,May,5671.0
VT,2016,June,5670.0
VT,2016,July,5715.0
VT,2016,August,5728.0
VT,2016,September,5754.0
VT,2016,October,5775.0
VT,2016,November,5749.0
VT,2016,December,5787.0
VT,2017,January,5821.0
VT,2017,February,5799.0
VT,2017,March,5792.0
VT,2017,April,5838.0
VT,2017,May,5815.0
VT,2017,June,5811.0
VT,2017,July,5781.0
VT,2017,August,5780.0
VT,2017,September,5774.0
VT,2017,October,5763.0
VT,2017,November,5779.0
WA,2015,February,52591.0
WA,2015,January,52487.0
WA,2015,March,52850.0
WA,2015,April,53014.0
WA,2015,May,53397.0
WA,2015,June,53657.0
WA,2015,July,53954.0
WA,2015,August,54015.0
WA,2015,September,54328.0
WA,2015,October,54453.0
WA,2015,November,54460.0
WA,2015,December,54629.0
WA,2016,January,54442.0
WA,2016,February,54675.0
WA,2016,March,54741.0
WA,2016,April,54840.0
WA,2016,May,54753.0
WA,2016,June,54715.0
WA,2016,July,54657.0
WA,2016,August,54630.0
WA,2016,September,54583.0
WA,2016,October,54690.0
WA,2016,November,54609.0
WA,2016,December,54767.0
WA,2017,January,55778.0
WA,2017,February,56091.0
WA,2017,March,56124.0
WA,2017,April,56114.0
WA,2017,May,56195.0
WA,2017,June,56115.0
WA,2017,July,56178.0
WA,2017,August,56504.0
WA,2017,September,56598.0
WA,2017,October,56639.0
WA,2017,November,57002.0
WA,2015,January,996.0
WA,2015,February,1000.0
WA,2015,March,1018.0
WA,2015,April,1017.0
WA,2015,May,1020.0
WA,2015,June,1050.0
WA,2015,July,1068.0
WA,2015,August,1066.0
WA,2015,September,1090.0
WA,2015,October,1099.0
WA,2015,November,1110.0
WA,2015,December,1109.0
WA,2016,January,1134.0
WA,2016,February,1139.0
WA,2016,March,1137.0
WA,2016,April,1165.0
WA,2016,May,1163.0
WA,2016,June,1162.0
WA,2016,July,1177.0
WA,2016,August,1183.0
WA,2016,September,1171.0
WA,2016,October,1155.0
WA,2016,November,1127.0
WA,2016,December,1117.0
WA,2017,January,1106.0
WA,2017,February,1109.0
WA,2017,March,1121.0
WA,2017,April,1097.0
WA,2017,May,1093.0
WA,2017,June,1068.0
WA,2017,July,1060.0
WA,2017,August,1065.0
WA,2017,September,1091.0
WA,2017,October,1108.0
WA,2017,November,1126.0
WA,2015,January,678.0
WA,2015,February,674.0
WA,2015,March,686.0
WA,2015,April,683.0
WA,2015,May,684.0
WA,2015,June,691.0
WA,2015,July,691.0
WA,2015,August,694.0
WA,2015,September,704.0
WA,2015,October,705.0
WA,2015,November,704.0
WA,2015,December,702.0
WA,2016,January,721.0
WA,2016,February,722.0
WA,2016,March,722.0
WA,2016,April,751.0
WA,2016,May,742.0
WA,2016,June,750.0
WA,2016,July,768.0
WA,2016,August,766.0
WA,2016,September,758.0
WA,2016,October,748.0
WA,2016,November,725.0
WA,2016,December,721.0
WA,2017,January,709.0
WA,2017,February,707.0
WA,2017,March,722.0
WA,2017,April,689.0
WA,2017,May,689.0
WA,2017,June,675.0
WA,2017,July,667.0
WA,2017,August,669.0
WA,2017,September,691.0
WA,2017,October,700.0
WA,2017,November,721.0
WI,2016,June,51012.0
WI,2015,January,50658.0
WI,2015,February,50801.0
WI,2015,March,51128.0
WI,2015,April,51340.0
WI,2015,May,51231.0
WI,2015,June,51287.0
WI,2015,July,51319.0
WI,2015,August,51338.0
WI,2015,September,51390.0
WI,2015,October,51449.0
WI,2015,November,51286.0
WI,2015,December,51074.0
WI,2016,January,50651.0
WI,2016,February,50878.0
WI,2016,March,50880.0
WI,2016,April,50822.0
WI,2016,May,51035.0
WI,2016,July,51026.0
WI,2016,August,51239.0
WI,2016,September,51256.0
WI,2016,October,51210.0
WI,2016,November,51336.0
WI,2016,December,51650.0
WI,2017,January,51927.0
WI,2017,February,51898.0
WI,2017,March,51835.0
WI,2017,April,51847.0
WI,2017,May,52006.0
WI,2017,June,52184.0
WI,2017,July,52302.0
WI,2017,August,52300.0
WI,2017,September,52421.0
WI,2017,October,52432.0
WI,2017,November,52561.0
WI,2015,January,849.0
WI,2015,February,872.0
WI,2015,March,872.0
WI,2015,April,871.0
WI,2015,May,862.0
WI,2015,June,860.0
WI,2015,July,849.0
WI,2015,August,836.0
WI,2015,September,880.0
WI,2015,October,887.0
WI,2015,November,867.0
WI,2015,December,873.0
WI,2016,January,895.0
WI,2016,February,912.0
WI,2016,March,924.0
WI,2016,April,934.0
WI,2016,May,968.0
WI,2016,June,972.0
WI,2016,July,1004.0
WI,2016,August,1054.0
WI,2016,September,1056.0
WI,2016,October,1062.0
WI,2016,November,1066.0
WI,2016,December,1079.0
WI,2017,January,1101.0
WI,2017,February,1105.0
WI,2017,March,1096.0
WI,2017,April,1093.0
WI,2017,May,1094.0
WI,2017,June,1123.0
WI,2017,July,1132.0
WI,2017,August,1132.0
WI,2017,September,1127.0
WI,2017,October,1139.0
WI,2017,November,1136.0
WV,2015,January,21732.0
WV,2015,February,21811.0
WV,2015,March,21882.0
WV,2015,April,22086.0
WV,2015,May,22201.0
WV,2015,June,22163.0
WV,2015,July,22290.0
WV,2015,August,22290.0
WV,2015,September,22294.0
WV,2015,October,22365.0
WV,2015,November,22251.0
WV,2015,December,22173.0
WV,2016,January,21943.0
WV,2016,February,21824.0
WV,2016,March,21804.0
WV,2016,April,21727.0
WV,2016,May,21717.0
WV,2016,June,21817.0
WV,2016,July,21830.0
WV,2016,August,21807.0
WV,2016,September,21845.0
WV,2016,October,21840.0
WV,2016,November,21916.0
WV,2016,December,21990.0
WV,2017,January,22173.0
WV,2017,February,22226.0
WV,2017,March,22371.0
WV,2017,April,22448.0
WV,2017,May,22418.0
WV,2017,June,22366.0
WV,2017,July,22279.0
WV,2017,August,22366.0
WV,2017,September,22294.0
WV,2017,October,22371.0
WV,2017,November,22420.0
WV,2015,January,644.0
WV,2015,February,653.0
WV,2015,March,671.0
WV,2015,April,683.0
WV,2015,May,681.0
WV,2015,June,681.0
WV,2015,July,684.0
WV,2015,August,682.0
WV,2015,September,686.0
WV,2015,October,717.0
WV,2015,November,719.0
WV,2015,December,729.0
WV,2016,January,731.0
WV,2016,February,755.0
WV,2016,March,757.0
WV,2016,April,764.0
WV,2016,May,779.0
WV,2016,June,804.0
WV,2016,July,809.0
WV,2016,August,821.0
WV,2016,September,838.0
WV,2016,October,824.0
WV,2016,November,856.0
WV,2016,December,879.0
WV,2017,January,911.0
WV,2017,February,929.0
WV,2017,March,948.0
WV,2017,April,982.0
WV,2017,May,988.0
WV,2017,June,1002.0
WV,2017,July,1021.0
WV,2017,August,1017.0
WV,2017,September,996.0
WV,2017,October,999.0
WV,2017,November,983.0
WV,2015,January,580.0
WV,2015,February,585.0
WV,2015,March,599.0
WV,2015,April,615.0
WV,2015,May,609.0
WV,2015,June,614.0
WV,2015,July,611.0
WV,2015,August,609.0
WV,2015,September,612.0
WV,2015,October,637.0
WV,2015,November,634.0
WV,2015,December,636.0
WV,2016,January,631.0
WV,2016,February,653.0
WV,2016,March,658.0
WV,2016,April,653.0
WV,2016,May,662.0
WV,2016,June,682.0
WV,2016,July,691.0
WV,2016,August,696.0
WV,2016,September,709.0
WV,2016,October,689.0
WV,2016,November,714.0
WV,2016,December,734.0
WV,2017,January,761.0
WV,2017,February,778.0
WV,2017,March,790.0
WV,2017,April,820.0
WV,2017,May,837.0
WV,2017,June,844.0
WV,2017,July,864.0
WV,2017,August,865.0
WV,2017,September,846.0
WV,2017,October,856.0
WV,2017,November,845.0
WV,2017,March,523.0
WV,2017,April,564.0
WV,2017,May,586.0
WV,2017,June,609.0
WV,2017,July,621.0
WV,2017,August,634.0
WV,2017,September,627.0
WV,2017,October,639.0
WV,2017,November,635.0
WY,2015,January,4365.0
WY,2015,February,4395.0
WY,2015,March,4456.0
WY,2015,April,4526.0
WY,2015,May,4507.0
WY,2015,June,4487.0
WY,2015,July,4521.0
WY,2015,August,4541.0
WY,2015,September,4508.0
WY,2015,October,4499.0
WY,2015,November,4500.0
WY,2015,December,4507.0
WY,2016,January,4445.0
WY,2016,February,4454.0
WY,2016,March,4422.0
WY,2016,April,4379.0
WY,2016,May,4404.0
WY,2016,June,4430.0
WY,2016,July,4387.0
WY,2016,August,4395.0
WY,2016,September,4358.0
WY,2016,October,4365.0
WY,2016,November,4337.0
WY,2016,December,4347.0
WY,2017,January,4352.0
WY,2017,February,4339.0
WY,2017,March,4346.0
WY,2017,April,4380.0
WY,2017,May,4383.0
WY,2017,June,4323.0
WY,2017,July,4321.0
WY,2017,August,4297.0
WY,2017,September,4332.0
WY,2017,October,4354.0
WY,2017,November,4380.0
YC,2016,December,507.0
YC,2017,January,537.0
YC,2017,February,542.0
YC,2017,March,541.0
YC,2015,March,54149.0
YC,2017,April,561.0
YC,2017,May,585.0
YC,2017,June,601.0
YC,2017,July,599.0
YC,2017,August,600.0
YC,2017,September,615.0
YC,2017,October,619.0
YC,2017,November,630.0
YC,2016,June,501.0
YC,2016,July,517.0
YC,2016,August,534.0
YC,2016,September,540.0
YC,2016,October,546.0
YC,2016,November,547.0
YC,2016,December,574.0
YC,2017,January,597.0
YC,2017,February,594.0
YC,2017,March,584.0
YC,2017,April,586.0
YC,2017,May,602.0
YC,2017,June,620.0
YC,2017,July,616.0
YC,2017,August,617.0
YC,2017,September,633.0
YC,2017,October,642.0
YC,2017,November,645.0
YC,2015,January,53516.0
YC,2015,February,54100.0
YC,2015,April,53978.0
YC,2015,May,54029.0
YC,2015,June,54107.0
YC,2015,July,54291.0
YC,2015,August,54505.0
YC,2015,September,54449.0
YC,2015,October,54572.0
YC,2015,November,54320.0
YC,2015,December,54120.0
YC,2016,January,53624.0
YC,2016,February,53421.0
YC,2016,March,53547.0
YC,2016,April,53516.0
YC,2016,May,53496.0
YC,2016,June,53435.0
YC,2016,July,53502.0
YC,2016,August,53485.0
YC,2016,September,53533.0
YC,2016,October,53545.0
YC,2016,November,53882.0
YC,2016,December,54280.0
YC,2017,January,54566.0
YC,2017,February,54403.0
YC,2017,March,54145.0
YC,2017,April,54067.0
YC,2017,May,54194.0
YC,2017,June,54245.0
YC,2017,July,54200.0
YC,2017,August,54191.0
YC,2017,September,54331.0
YC,2017,October,54287.0
YC,2017,November,54240.0
YC,2015,January,794.0
YC,2015,February,800.0
YC,2015,March,781.0
YC,2015,April,796.0
YC,2015,May,810.0
YC,2015,June,814.0
YC,2015,July,826.0
YC,2015,August,858.0
YC,2015,September,886.0
YC,2015,October,918.0
YC,2015,November,944.0
YC,2015,December,959.0
YC,2016,January,987.0
YC,2016,February,1019.0
YC,2016,March,1076.0
YC,2016,April,1118.0
YC,2016,May,1146.0
YC,2016,June,1192.0
YC,2016,July,1251.0
YC,2016,August,1279.0
YC,2016,September,1311.0
YC,2016,October,1344.0
YC,2016,November,1371.0
YC,2016,December,1424.0
YC,2017,January,1483.0
YC,2017,February,1494.0
YC,2017,March,1466.0
YC,2017,April,1468.0
YC,2017,May,1488.0
YC,2017,June,1509.0
YC,2017,July,1503.0
YC,2017,August,1497.0
YC,2017,September,1513.0
YC,2017,October,1505.0
YC,2017,November,1506.0
YC,2015,January,596.0
YC,2015,February,606.0
YC,2015,March,587.0
YC,2015,April,596.0
YC,2015,May,601.0
YC,2015,June,598.0
YC,2015,July,615.0
YC,2015,August,637.0
YC,2015,September,667.0
YC,2015,October,689.0
YC,2015,November,710.0
YC,2015,December,726.0
YC,2016,January,741.0
YC,2016,February,764.0
YC,2016,March,815.0
YC,2016,April,861.0
YC,2016,May,891.0
YC,2016,June,933.0
YC,2016,July,983.0
YC,2016,August,1014.0
YC,2016,September,1038.0
YC,2016,October,1069.0
YC,2016,November,1097.0
YC,2016,December,1136.0
YC,2017,January,1193.0
YC,2017,February,1201.0
YC,2017,March,1174.0
YC,2017,April,1177.0
YC,2017,May,1198.0
YC,2017,June,1218.0
YC,2017,July,1208.0
YC,2017,August,1201.0
YC,2017,September,1214.0
YC,2017,October,1208.0
YC,2017,November,1209.0
YC,2016,November,529.0
YC,2016,December,579.0
YC,2017,January,629.0
YC,2017,February,639.0
YC,2017,March,627.0
YC,2017,April,640.0
YC,2017,May,668.0
YC,2017,June,703.0
YC,2017,July,714.0
YC,2017,August,724.0
YC,2017,September,753.0
YC,2017,October,779.0
YC,2017,November,795.0
